BPS030214,LND110210,Density
131,594.44,91.8
1384,1589.78,114.6
8,884.88,31
19,622.58,36.8
3,644.78,88.9
1,622.81,17.5
2,776.83,27
114,605.87,195.7
8,596.53,57.4
2,553.7,46.9
78,692.85,63
0,913.5,15.2
11,1238.47,20.9
0,603.96,23.1
1,560.1,26.7
58,678.97,73.6
143,592.62,91.8
3,850.16,15.6
0,650.93,17.7
8,1030.46,36.6
2,608.84,22.8
77,734.84,109.4
17,561.15,89.6
17,978.7,44.8
31,777.09,91.5
259,618.49,128.2
26,945.08,40.5
79,534.99,195.2
0,627.66,27.5
13,633.82,50
8,574.41,46.6
4,647.11,14
8,643.94,24.5
17,561.75,30.8
311,579.82,175.1
39,1077.87,49.4
2280,1111.28,592.5
0,604.85,24.1
54,667.7,138.8
0,690.68,49.7
943,607.54,230.8
140,559.94,147.8
5,715.91,15.8
1,608.89,35.2
2677,801.59,417.7
0,976.88,21.5
0,742.29,41.5
28,565.84,164.4
746,1229.44,335.9
0,1025.68,22.5
734,784.25,292.5
136,579.34,206.3
0,719.66,14.7
3,881.41,22.4
44,672.09,48.9
0,580.55,39.5
244,641.14,82.6
896,784.93,248.5
80,631.9,132.3
3,903.89,15.2
65,736.78,111.7
16,716.52,58.1
1375,1321.76,147.3
8,791.19,84.7
2,1080.21,16.3
0,888.5,13.1
7,612.98,39.9
18,988.77,19.2
0,925.35,23.6
8,554.28,74.9
2218,847.36,261.2
12,590.23,62.5
1,649.23,17.7
0,628.58,8.5
10,630.09,43.6
6,644.3,18.3
3,866.07,26.6
3,639.47,25.2
26,553.69,46.9
0,597.78,14.5
49,766.05,32.1
10,552.25,38.5
671,707.21,136.4
43,593.09,104.4
95,609.76,83.5
18,616.38,29
1,667.39,12.2
7,768.15,16.9
4,828.36,22.3
341,647.88,174.8
0,608.86,29.8
1,618.19,19.8
43,677.78,141.7
9,631.81,28.3
193,577.7,72.9
3,727.52,31.1
0,615.2,53.5
3,588.55,23.4
48,763.95,48
3,580.58,23.6
5,633.94,28.4
55,870.75,88.9
3,659.8,38.7
0,528.27,14.5
3,587.61,29.6
0,602.62,17.3
0,561.52,25.2
1,532.25,24.7
8,708.13,31.6
263,770.73,88.7
0,834.26,18.8
2,597.01,27.9
37,625.58,69.5
30,900.57,51.6
1,607.12,13.4
0,779.88,12.2
0,617.84,14.6
1,820.9,10.1
3,732.78,35.6
1,551.4,18.9
34,695.66,31.3
0,600.62,18.8
9,758.39,32.4
2,857.68,24.1
53,812.55,76
11,647.96,13.4
1142,759.76,503.8
11,652.19,27.6
326,723.6,148
42,892.32,12.6
0,666.1,12.3
414,531.91,236.4
8,565.13,30.2
8,604.44,28.6
0,634.77,44.5
8,606.41,20.4
87,1039.21,40.1
3,708.14,24.4
1131,941.97,215.6
116,1035.08,74.5
0,586.79,12.4
1,929.98,23.9
38,11197.52,6.4
261,6165.69,21.3
560,18618.89,7.2
101,4757.93,11.3
87,4622.6,8.1
1,1843.13,4.6
26,4499.63,4.6
18597,9200.14,414.9
535,13311.08,15
191,9950.42,10.8
3250,9187.04,106.7
1744,5365.61,70
44,1236.92,38.3
968,8123.5,26
594,5513.99,35.5
3438,739.02,2043.6
3,738.33,1.6
22,594.58,64.1
550,1636.46,134.4
70,1020.01,44.7
58,1150.73,18.6
2001,715.94,1465.2
9,1006.37,28.4
190,1707.88,106
1892,5957.99,156.2
30,1313.95,21.4
234,3567.99,37.7
246,4176.6,41.8
7,10180.88,1.8
2297,8131.92,103.3
434,1389.42,110.1
45,1256.46,51.5
6,4541.18,7.7
17659,4057.88,2419.6
214,2137.07,70.6
390,520.31,485.1
24,1448.82,12.6
109,3506.34,25.1
169,1934.97,132.2
8,3917.77,2.5
29,3048.98,4.7
361,3280.6,126.5
147,748.36,182.4
290,957.77,103.1
9291,790.57,3807.7
1990,1407.01,247.6
32,2553.04,7.8
6761,7206.48,303.8
1761,964.64,1470.8
105,1388.71,39.8
3405,20056.94,101.5
6875,4206.63,735.8
2711,46.87,17179.1
1265,1391.32,492.6
983,3298.57,81.7
1461,448.41,1602.2
755,2735.09,155
9932,1290.1,1381
291,445.17,589.4
242,3775.4,46.9
4,953.21,3.4
19,6277.89,7.2
646,821.77,503
663,1575.85,307.1
454,1494.83,344.2
79,602.41,157.3
78,2949.71,21.5
30,3179.25,4.3
1092,4824.22,91.7
55,2220.88,24.9
1314,1843.13,446.7
218,1014.69,197.9
201,631.84,114.2
1115,1167.65,378.2
52,722.64,21.4
1897,798.1,716.7
75,1350.18,8.9
0,2554.97,1.5
0,1512.86,4.3
1371,726.29,405.6
820,33.03,1691.9
105,1013.4,17.6
1,1778.28,1
11,395.23,23
13,1287.39,6.4
30,1226.95,2.9
7,787.42,7.4
43,738.63,5.8
47,1142.05,27.1
5958,153,3922.6
1,1067.05,1.9
3230,840.25,339.7
256,1684.53,31
116,1850.85,12.5
3533,2126.8,292.6
55,1533.07,30.5
83,2947.56,19.1
13,149.9,36.3
137,1846.33,8
58,3239.1,4.7
6,1117.25,0.8
13,1591,4.2
0,1613.72,0.9
2519,764.21,699.5
0,1767.77,0.8
2,2160.82,3.8
0,376.91,19.4
278,1692.08,30.3
2498,2596,115.4
5,4772.67,3.2
2,2577.63,2.1
19,1838.55,12.4
504,3328.97,44.1
6,875.67,0.8
9,4743.29,2.9
15,2029.53,12.6
89,2240.7,18.4
20,1280.43,22
2,1261.96,14.9
33,541.59,8.2
88,2193.85,7.4
9,687.93,6.5
98,970.7,17.7
1,1638.4,7.7
157,2386.1,66.7
10,3220.93,2.1
12,911.96,13.1
132,2362.03,10
32,3168.53,1.9
0,387.49,1.8
36,1286.61,5.7
1,548.04,4.3
207,608.36,46
140,557.06,41.9
5,2518.03,1.9
2708,3987.24,63.4
3,2364.41,4.2
1889,624.89,1467.2
962,735.1,1216.2
145,920.56,206.3
228,369.3,448.6
1140,604.51,1426.7
646,664.88,412.2
203,410.21,372.2
116,512.91,230.9
4189,61.05,9856.6
998,586.18,276.9
1908,426.29,1263.2
2288,936.08,210.6
762,875.02,282.7
47,585.23,46.3
601,758.46,222.6
2,293.96,97
1286,1015.66,535
2462,1209.79,1444.9
8,567.33,25.8
610,680.28,235.2
233,581.7,242.8
915,604.36,315.8
3610,1998.32,160.9
80,797.57,84.7
112,637.06,54.7
24,705.05,23.3
3446,762.19,1133.9
698,656.46,453.4
548,485.46,197.1
8,534.73,21.6
23,516.33,89.8
37,349.68,48.4
14,806.01,16
92,564.01,28.1
9,513.79,28.8
17,637.78,43.5
24,1152.75,34
378,472.54,365.6
92,1016.62,97.2
7490,1020.21,1204.9
31,478.78,41.6
707,502.87,274.5
29,917.76,54.2
17,598.1,24.7
11,543.41,16.3
2488,938.38,316.6
4095,784.51,788.7
1114,666.85,413.1
49,1118.21,36.5
9,835.56,10
33,695.95,27.6
3565,742.93,434.5
754,1584.55,209.1
432,543.46,269.2
7731,1897.72,1315.5
188,983.28,74.3
587,648.64,113
590,930.25,194.4
17,768.91,52
9246,903.43,1268.5
3414,1327.45,202.4
5066,1969.76,670.2
2785,746.89,622.2
1733,273.8,3347.5
2559,1797.84,334.9
29,727.62,102.2
1127,1011.61,149.6
2093,555.87,682.6
967,309.22,1367
2786,600.66,316.4
962,571.93,485.7
2570,546.93,170.8
41,688.55,60.3
24,1043.31,21.6
22,243.56,63.8
1373,1101.03,449.2
106,606.42,50.8
1076,1037.63,53
21,582.8,42.7
3,507.08,36
0,339.38,24.7
0,258.58,42.9
0,341.94,10.1
39,257.84,177.3
17,232.09,79.3
444,160.31,432.7
221,459.54,217.9
11,250.12,70.5
15,451.9,42.7
92,249.76,622.8
16,215.87,60.5
11,442.36,41.6
15,493.05,32.9
412,435.97,69.3
521,672.81,104.4
43,826.97,28.2
12,184.39,128.3
0,280.37,23.9
126,613.03,82.4
0,243.04,45.3
111,499.08,221.5
144,162.16,394.3
7,773.58,15.7
1317,426.44,621.7
3,248.74,45.3
0,313.34,83
2123,421.67,508.3
538,119.2,979.1
5,195.38,16.3
340,141.57,1832.5
4,800.22,8.5
3103,339.55,2026.4
35,575.1,73.7
88,544.15,83.6
1289,290.09,427.6
33,227.16,75.8
745,440.89,288.8
20,324.89,38.9
12,272.58,86
1,173.98,95.6
177,210.83,105.9
32,597.14,46.6
1231,267.58,2585.7
8,495.89,44
0,391.94,38.1
80,328.69,287.7
224,200.07,661.8
9,512.59,21.5
1,414.89,9.7
482,477.7,109.4
12,351.06,57.4
7,680.6,33.2
20,182.85,60.2
168,386.72,61.2
314,194.34,548.3
75,509.91,188.9
3194,224.02,783.5
2,261.5,84.5
8098,526.64,1748
102,426.54,66.3
0,143.74,21.4
427,419.75,189.7
63,355.81,155.1
31,454.53,55
203,387.44,41.3
3379,430.38,1871.2
35,276.74,155.5
722,392.78,457.5
15,471.84,20
23,282.17,102
113,463.87,69
35,232.39,108.5
15,296.03,40
1047,322.13,633
602,375.54,372.5
10,354.34,26.9
455,339.66,178.1
53,368.17,37.8
1,330.74,45.6
5,526.49,32.2
10,347.28,24
0,303.01,32.9
28,393.93,72.8
18,183.5,99.8
15,185.26,54.4
9,807.3,60
175,355.78,79.5
242,489.8,129.5
17,210.38,38
0,400.29,36.1
379,496.07,220.2
91,282.93,105.9
3,400.64,36.8
66,282.31,99.6
10,366,23.9
19,257.46,85
24,424.3,33.8
24,501.22,43.9
0,282.42,21.7
10,512.09,45.9
77,395.66,66.8
11,239.52,38.1
52,347.35,51.4
22,344.47,115
585,216.39,877.5
181,272.16,367.3
299,184.29,178
27,439.01,33.9
930,312.22,455.8
161,150.27,184.3
53,232.06,126.8
38,316.49,59.3
26,216.09,82.7
10,310.33,133.6
17,249.03,48.2
35,344.64,61.6
5,151.24,16.6
47,369.99,44
0,428.24,18
730,324.33,618.4
133,129.79,656.5
0,166.91,30
10,645.1,22.6
4,235.23,37.1
141,196.47,326.1
25,179.13,146.1
0,458.73,13.2
11,482.7,68
10,391.39,17.5
2,194.61,8.8
17,479.4,53.2
11,376.69,23.6
0,437.3,37.7
3,335.44,27.8
71,544.6,82.1
59,258.92,154.9
23,364.01,74.8
103,166.56,62.9
0,199.44,34.5
133,413.99,161.9
65,285.39,31.3
1,358.4,25.2
87,321.93,66.3
22,323.44,84
84,446.38,154
271,325.68,257.2
94,892.46,40.7
0,284.3,20.5
53,678.45,31.2
4,641.78,46.9
0,209.12,13.4
0,295.48,25.1
38,240.69,112.8
99,290.46,353.2
0,377.71,24.5
3,469.49,22.6
1,447.31,21.4
13,570.7,38
958,4028.42,45.9
1578,600.74,1586.7
192,619.96,108.2
338,1161.52,133.3
8,569.27,13.5
1,423.44,9.5
41,639.08,22.4
6,497.29,25.9
5,442.96,13.8
28,716.27,36.4
314,565.77,231.7
44,571.57,46
74,435.48,55.7
27,571.02,36.7
8,574.92,35.2
21,580.13,25.6
12,569.97,17
26,569.44,36.6
12,564.27,24.7
29,579.44,31.9
86,568.31,77.7
6,576.91,20.9
5,504.38,24.7
1,431.17,21.5
14,567.24,29.4
28,778.54,23.3
102,694.92,70.7
11,714.19,23.9
661,588.45,112.4
4,502.19,17.4
2,531.88,15.9
5,577.76,30.7
41,416.12,96.9
134,380.61,43.8
276,608.31,154
48,395.88,26
24,730.81,28.6
21,500.63,32.6
3,581.97,18.4
10,511.15,14.6
6,569.57,16.4
19,501.86,24.8
10,590.62,18.5
5,576.75,27.2
20,571.01,19.9
7,569.31,30.8
29,696.85,21.4
20,434.33,46.4
1,473.25,20.2
24,434.35,22.6
11,431.51,16.4
23,586.46,27.9
35,636.04,31.2
33,730.42,50.4
14,435.51,38.7
1080,614.04,213.1
15,575.62,35.9
0,579.18,18.1
19,972.72,16
22,517.52,69.3
838,716.88,294.6
9,401.77,28.3
3,430.59,20.7
55,587.65,19.7
55,561.01,27.9
64,570.86,39.2
125,554.53,60.1
10,572.5,71
3,437.44,34.4
25,469.13,23
7,694.07,13.3
82,433.72,18.4
13,424.1,25.3
51,437.47,97.7
22,573.04,25.1
1,398.68,16.2
11,534.94,29.8
2,563.84,16.7
37,862.89,29
4,577.24,12.7
3350,573.8,750.5
122,950.28,98
123,584.93,32.3
2,535.5,9.6
5,575.01,18
365,458.09,360.7
16,590.78,20.6
112,768.33,43.9
539,572.82,156.3
17,721.01,24.6
4,531.9,11.9
7,423.65,29.6
0,484.79,15.6
22,431.83,82.5
360,569.83,81.1
24,568.84,38.2
0,525.44,12.2
20,715.62,53.1
6,400.49,27.1
47,689.87,30.5
151,872.83,117.1
4,400.12,19
12,580.42,22.8
3968,1052.58,372.8
4,1363.06,2.9
162,1111.99,74.5
35,974.79,6.1
14,776.62,12
88,2093.98,21.8
89,2643.59,8.1
32,1899.24,3.7
55,1734.57,23.6
398,1866.08,55.9
51,1268.56,8.6
5,2231.67,1.3
3,1074.49,1
1130,587.37,321.6
9,1764.15,3.9
46,2565.08,8.9
3,1764.19,0.6
19,2457.27,3.6
0,4920.94,0.9
57,3074.74,8.8
35,663.65,19.3
65,1863.53,7.1
37,560.9,29.8
13,728.97,21.2
1,8477.35,1.9
79,1093.5,23.9
57,597.19,37.5
1047,1244.13,111.3
136,1076,34.6
11,4563.39,1.7
10,478.8,8
4,1201.41,4.3
386,469.21,80
29,757.59,26.5
55,848.09,46.3
18,1200.06,3.6
16,7665.51,1.5
110,406.87,55.6
8,1404.24,5.6
7,2629.67,4.9
28,449.46,22.6
361,1921.21,40.2
99,3664.52,2.7
17,1452.98,7
83,855.2,78.5
0,235.51,35
12,380.28,46.7
11,280.72,193
0,305.61,22.7
15,869.03,40.2
12,253.83,20
17,444.81,34.6
8,375.82,36.3
1458,996.27,201.8
29,709.38,49.1
7,501.42,32.6
4,468.32,29.5
85,474.09,79.7
16,508.29,106
7753,945.33,5495.1
5,443.63,44.7
0,346.02,31.9
45,631.31,166.6
25,397.51,41.7
25,416.67,48
1341,327.5,2799.8
45,623.37,29.8
0,222.42,30.2
25,478.78,71.5
4,716.48,30.9
11,485.62,29
7,408.89,96.8
44,865.6,42.8
0,323.07,17.3
27,543.02,25.6
194,418.04,119.8
0,434.67,19.5
5,793.73,24.1
0,177.53,24.3
6,378.87,19.3
43,822.99,61.3
28,1117.32,26.6
130,584.08,103.1
0,494.51,19.6
7,571.17,68
25,369.27,62.2
28,601.09,37.7
0,343.92,36.6
1283,520.06,990.8
127,676.56,167.7
283,320.34,358.2
27,716.4,73.9
1341,443.67,1585.6
147,1135.12,100.4
42,372.18,45.2
21,724.9,49.7
22,1044.29,37.3
13,618.06,49
53,580.69,190.8
47,862.91,55.4
525,715.58,376.3
0,572.36,68.9
1,386.79,32.7
1,539.24,27.2
2,237.22,65
8,589.41,55.3
558,603.17,511.9
246,1183.38,143.3
24,314.44,40.4
6,561.2,29.3
118,385.01,85.6
24,703.69,42.8
2,568.79,62.5
40,335.94,44.2
38,758.57,70.5
174,619.21,301.2
50,441.76,50.6
20,439.2,38.1
20,831.38,19.8
0,368.77,12.1
3,199.19,30.9
13,160.16,37.5
21,575.5,58.2
4,359.99,45.1
241,427.64,345
0,379.82,65.6
431,868.3,227.4
0,437.27,17.3
0,250.91,21.3
32,758.52,29.5
762,657.76,410.6
3,288.08,20.8
8,564.52,84.5
637,648.97,208.6
13,413.46,43.1
6,898.37,90.9
1,223.25,53.5
6,542.41,32.6
20,562.57,26.2
1,713.81,23.5
1,494.77,29.6
19,684.25,85.5
1185,836.91,809.6
115,420.15,157.9
139,513.36,575.2
75,527.8,73.3
79,339.03,101.4
1115,657.31,540.6
254,406.91,188.7
2,406.42,21.8
3,165.08,77.3
526,422.91,133.9
48,311.98,48.9
24,372.22,54.1
12,412.16,94.5
531,372.86,295.6
14,357.54,75.2
24,405.07,82
0,305.64,35.1
4,429.49,73.7
65,305.03,164.1
50,372.57,69.1
94,362.82,116.4
98,392.12,300.1
124,427.27,98
270,463.17,426.5
11,215.01,112.9
142,147.94,504.1
2,395.66,43.6
35,384.43,60.1
15,368.39,56.6
121,487.49,68.7
68,414.07,169.2
0,542.5,61.1
3684,394.27,696.4
395,306.02,228.8
84,484.52,81.2
1145,406.91,357.4
18,391.88,126.2
140,293.06,282.4
53,382.65,97
178,509.31,83.2
51,559.63,59.8
21,383.91,55.4
29,360.63,89.9
47,376.58,75.7
668,320.43,435.8
34,516.03,74.5
261,531.38,145.6
121,379.62,97.8
908,498.96,994.1
125,598.3,186.3
42,449.17,102.7
92,451.92,291.3
1195,396.3,2279.6
83,443.63,106.1
8,335.74,30.8
10,373.84,98.7
521,394.51,349.7
45,504.61,75.6
129,403.97,170.5
22,401.76,35.5
87,410.84,115.7
20,86.14,71.1
1,398.39,49.8
18,385.29,56
26,444.66,39
48,381.73,50.7
20,334.24,38.4
448,418.15,393
55,409.57,63.3
13,433.65,30.9
65,480.53,79
6,452.38,57.9
86,446.43,64.6
10,408.12,42.6
26,190.4,127
59,411.15,108.1
36,396.74,52.8
428,457.85,583
36,309.13,75.6
98,308.94,110.7
2,447.14,48
54,220.63,48.1
1055,499.81,345.7
7,260.54,61.2
3,161.22,46.6
322,233.48,769.7
1,256.88,63.1
321,403.31,267.4
24,412.43,79.7
19,364.68,23.3
304,384.82,155.1
32,513.73,55
85,401.74,171.5
36,368.09,75.1
31,505.13,48.8
94,335.57,99.2
13,500.3,26.7
11,579.65,14
2,431.17,39.3
0,1134.07,4.3
58,895.4,30.9
2,635.47,23.9
2,570.87,17.5
143,1429.86,46.1
0,773.06,3.6
0,638.88,5.7
9,587.57,36.8
0,1019.89,2.7
0,974.63,2.3
22,645.3,13.2
1,715.34,13.3
21,626.95,13.7
0,788.3,2.4
35,1125.75,32.3
135,589.76,66.4
0,893.52,3.3
26,847.07,23.3
3,393.41,20.2
347,455.87,243.1
1,621.89,4.9
0,644.27,4.5
69,899.91,31.6
3,715.85,9.1
14,1301.97,28.2
43,1098.27,30.8
31,571.76,45.5
141,384.62,89.3
15,1071.67,2.5
0,898.52,2.9
4,574.8,13.6
18,868.87,6.9
3,778.45,1.6
0,1143.3,5.9
0,996.51,2.7
6,801.27,7.5
73,539.75,64.3
1,577.52,7.4
0,859.99,2.2
7,656.22,20.5
34,532.57,35.9
2,909.78,3.4
2689,473.38,1149.6
0,870.54,4.6
11,863.36,9.1
2,722.64,3.5
5,645.3,33.5
0,717.46,2.4
220,462.83,164.7
1,719.4,4.5
42,594.06,16.3
1,1072.99,2.6
17,847.47,39.8
17,944.29,13.4
45,900.18,11.2
124,898.27,32.5
1,978.09,4.7
50,575.66,57
4,701.79,9.1
1,643.53,55.1
2,695.28,8.5
0,729.73,4.4
19,717.43,14.2
5,571.47,28.9
1,1074.75,2.9
5,878.13,6.5
17,705.52,23.1
0,892.5,4.3
5,720.73,8.5
0,754.26,9.2
18,885.88,6.4
220,841.02,25.7
3,735.05,13.1
3,1069.42,2.4
47,1255.35,51.4
25,717.37,6.9
23,726.24,13.9
294,609.77,116.6
3,890.53,5.8
1,717.76,4.6
1,886.26,7.9
65,720.23,77.2
6,717.54,6.9
1225,997.51,499.6
62,639.5,35.9
243,544.02,327.1
0,895.96,2.9
0,1056.07,5.7
6,895.47,4.3
7,792.05,5.6
0,680.35,3.3
15,727.29,7.9
62,1181.94,20.4
35,1074.69,7.4
0,889.48,3.4
14,794.3,8.9
0,913.65,1.6
2,894.76,6.5
0,718.57,3.1
3,570.42,16.5
4,497.82,6.6
493,151.6,1039
0,405.28,46
0,344.34,58
38,201.83,106.1
0,246.66,33.4
86,487.54,86.5
0,278.79,41.6
20,359,79.9
354,246.36,482.3
27,289.72,69
5,159.86,309.9
31,180.17,157.8
0,205.61,41.3
1,492.41,28.2
2,567.17,35.4
231,297.02,250.2
0,426.09,29.8
3,344.79,37.7
291,385.02,96.6
212,151.31,597
0,189.43,26.9
2,128.57,84.1
2,409.5,67.7
0,444.23,35.9
59,717.5,103.1
35,252.46,141.1
0,469.25,46.3
0,197.25,52.1
1,359.95,25.9
0,305.18,22.5
320,458.35,210.9
0,302.88,40.2
0,234.32,33.5
0,253.08,58
1225,283.65,1042.8
1,348.54,41.2
7,393.35,100.3
87,207.75,237.2
1,205.5,33.2
13,101.23,84.8
0,230.08,73.5
55,257.97,95.6
0,551.74,67.3
4,496.7,51.8
1,286.03,39.4
16,344.4,107.2
3,187.65,45.6
364,623.28,169.3
0,465.83,62.9
21,306.36,61.5
87,412.09,44.2
46,436.67,105.9
27,286.28,53.9
0,242.27,20.2
71,542,86.6
0,345.2,39.1
2431,380.42,1948.1
187,172.12,282.3
7,261.95,89.2
278,160.25,996.7
0,351.52,46.5
0,386.3,82.5
43,261.52,54.3
1,433.95,135.6
0,415.6,38.2
0,208.86,37.8
0,400.84,28.2
10,337.91,72.6
0,482.84,28.7
36,334.1,74.1
0,313.13,30.4
13,552.13,48.6
3,213.84,38.9
225,437.29,189.6
0,308.44,43.2
13,343.01,57.8
137,301.25,104.4
0,229.61,56.3
19,240.13,72.8
223,248.74,263.6
0,426.8,42.9
0,252.47,37.8
85,305.42,93.6
0,203.59,31
59,248.8,85.7
0,289.65,34.9
0,329.37,33.3
56,197.37,134.3
17,381.13,36.5
2,467.08,67.4
193,417.51,104
4,195.17,36.6
44,587.27,40.6
215,187.22,322.2
0,351.1,30.9
0,197.41,24.1
0,277.16,53.7
5,339.67,84.5
25,786.83,82.6
0,178.98,70.5
15,658.41,95.8
0,99.91,22.8
0,316.55,53.9
14,279.8,83.4
12,253.66,69.2
313,281.77,167.4
213,379.64,110.8
15,234.2,74
79,186.68,91.4
27,266.33,92
2,374.5,33.3
2,441.43,32.5
0,151.65,58.1
21,342.85,43.8
603,541.6,210.1
21,297.27,39.4
0,458.17,45.4
4,331.94,41
14,437.83,81.4
0,222.17,33.1
101,188.78,132.1
123,655.12,94.3
5,761.85,33.8
926,289.98,369.7
33,338.66,69.2
66,832.43,50.5
27,1157.34,30.8
0,811.27,17.7
1347,840.06,139.3
289,878.54,290.2
1263,1063.66,181.2
15,529.43,19.1
39,1284.89,5.3
8,708.03,14.7
0,754.88,22.8
19,696.92,29.9
54,875.58,30.4
1464,455.37,966.6
0,420.7,18.4
48,453.41,44.7
62,662.38,51.3
26,624.59,33.2
41,643.03,34.7
95,574.11,127.6
95,618.63,54
23,569.18,28.6
346,295.63,1463.1
89,651.33,48.5
1812,268.72,824.6
398,1068.21,90.2
2,624.68,23.8
74,471.74,99.1
703,648.17,197.5
49,624.44,19.4
16,794.93,35.2
38,1252.25,31.6
1026,169.42,2029.4
704,610.41,251.8
75,779.91,29.5
54,557.35,40.9
282,1317.96,99.9
0,389.09,23.4
33,559.04,37.1
67,866.66,28
39,377.52,95.1
108,279.08,189.1
0,408.4,27.4
47,241.54,91.5
35,213.07,215.5
144,923.88,90.3
178,737.65,70.7
58,555.38,98.4
1315,845.55,276.4
592,791.28,153
10,602.78,8.7
266,1231.82,90.8
22,876.99,25.9
154,1173.2,49.4
76,1327.91,39.4
68,669.53,70.4
29,593.03,69.5
240,192.39,123.6
0,359.65,32.3
38,403.21,38.8
0,950.09,16.1
640,393.72,548.3
177,926.83,141.6
823,553.1,991.3
120,103.25,160.2
1357,492.56,1508.8
70,699.32,102.1
313,617.14,751
193,527.26,299.8
3241,817.82,1837.9
149,44.97,226.2
1594,396.11,1693.6
1218,659.08,750.9
3323,58.15,12415.7
1268,1510.77,528.6
25,424.16,177
2441,414.9,1295.9
1004,598.3,1345.5
821,80.94,7671.5
213,213.15,416.3
35,319.42,103.5
355,447.6,373.4
278,346.27,292
790,457.75,320.2
27,540.77,60.3
1311,660.22,353.5
85,647.1,46.5
860,437.09,560.1
1446,250.74,1144.9
54,277.03,72.9
3839,491.25,1978.2
1292,482.69,1788.8
173,371.91,128.5
140,319.72,82.8
457,357.18,294.4
43,268.54,140.7
274,457.78,322.1
168,374.44,263.7
200,468.28,109.9
91,467.93,230.2
66,6671.33,10.8
906,835.24,337.2
58,1696.61,18.1
183,1586.89,34.3
344,867.52,140.8
101,365.13,108.8
56,455.82,75.6
164,2076.84,27.8
231,3397.36,45.3
20,3960.86,4.4
97,253.7,139.1
37,3924.4,13.3
76,729.92,53.1
41,2562.66,12.8
693,990.71,199
23,674.59,16.2
28,915.07,10.5
348,825.23,135
23,571.86,51.8
45,475.7,49.6
12,363.19,43.8
15,898.26,9.9
86,553.09,107
62,442.3,243.7
41,319.7,54.8
184,567.75,276.2
0,506.37,89.4
56,706.23,192.8
84,490.06,106.7
67,416.34,62.3
54,715.26,36.6
38,1558.42,24.7
20,564.32,54.8
345,566.41,133.1
18,556.28,25.3
47,1171.1,31.7
32,761.4,34.4
95,575.18,187.3
69,467.49,69.9
343,636.98,668.5
41,501.78,51.2
23,1101.85,14.9
384,464.33,187.3
17,568.46,74.7
34,598.13,78.1
34,1009.1,36.3
47,835.71,39.6
315,556.12,505.1
53,571.3,111.9
49,549.1,47.1
20,1166.15,10.1
111,572.68,122.8
89,701.67,228.4
480,561.66,445.7
21,559.87,30.6
1711,846.95,711.5
8,540.11,4
54,567.37,20.3
120,643.01,137.4
113,347.17,62.5
92,749.56,133.3
736,565.25,320.2
13,899.08,7.4
27,1021.57,10.9
1850,479.22,1754.9
47,542.15,45.6
142,1808.4,37.1
46,495.07,58
79,555.07,77.1
47,1044.08,23
262,516.25,162
19,564.73,26.3
239,549.39,276.7
67,705.4,89.8
0,546.66,17.9
181,499.25,344.9
46,813.2,59.6
2458,867.66,1385.7
4,512.07,51.9
34,563.49,38.5
7,1311.23,5.2
23,566.39,41.5
13,565.73,15.3
17,514.97,46.9
1307,563.47,468.2
18,658.72,20.3
50,519.64,47.1
214,800.11,250.2
39,962.57,44.8
10,1171.36,7.2
18,530.67,133.1
130,721.17,226.1
44,500.59,122.4
23,803.13,69.4
81,607.47,125.5
570,705.97,488.4
1001,612.08,2974.4
45,565,57.9
175,1821.66,8.9
704,423.01,782.1
146,1315.2,24.7
199,2504.94,17.7
98,408.3,94.2
7,499.02,10.6
332,747.84,85.6
90,611.09,42.4
60,861.38,41.1
623,354.33,256.9
151,2021.54,14.1
9,581.12,21.4
174,414.86,129.9
559,1045.37,56.4
3,998.94,8.7
39,1452.28,3.6
12,638.61,18.3
331,999.1,62.6
1416,562.17,709
51,439.28,45.7
184,637.3,56.5
8,712.48,20.4
45,861.3,24.2
26,707.09,44.2
64,756.84,61
0,548.16,11
4665,553.59,2081.7
44,552.06,34.5
18,925.68,22.1
170,435.79,86.8
117,2667.72,16.9
19,702.98,14.6
13,521.59,31.1
98,796.79,53
7,1098.8,4.1
9,3104.07,4.3
7,765.02,9.5
50,2109.29,5.2
11,1297.87,3.1
44,448.76,61.7
12,536.76,11
36,714.56,36.2
0,557.88,9.7
5,1775.07,5.3
16,712.35,29.3
37,491.47,74.6
42,608.18,38.3
46,572.31,45.6
89,1125.06,29.5
32,711.33,55.1
25,704.7,12.4
98,448.49,73
67,715.11,29.9
12,872.79,7.9
639,653.35,220.8
71,1972.07,29.1
16,616.57,22.6
57,1411.29,21.1
10,465.06,20.6
68,1971.13,16
45,669.71,16.4
728,152.21,3341.7
0,432.41,9.5
28,878.57,18.3
16,982.91,16
113,495.68,129.4
15,482.46,20.1
40,1671.6,9.3
894,356.48,364.5
245,432.92,204.4
17,588.78,25.9
466,6247.4,32
479,1343.13,112.2
49,429.65,85.1
14,563.6,17.3
10,742.08,13.2
68,944.98,26.3
7,573.9,6.2
97,522.98,41.4
45,536.27,25.8
15,423.36,45.2
752,384.28,619.7
6,434.95,25.8
12,750.96,8.8
109,626.21,82.2
550,661.46,188.5
14,759.1,13.8
54,567.32,45.1
4,432.7,40
1,547.3,10.4
3,692.24,36.9
13,778.25,45.7
2,591.92,21
1,836.69,20.4
0,704.06,27.1
0,617.91,20
1414,685.41,237.3
95,408.03,218.6
25,694.67,61.6
11,426.39,22.1
52,834.58,53.1
54,655.92,67.1
187,578.54,130.8
11,694.62,13.4
3,507.36,12.3
305,696.84,142.8
6,474.48,29.5
0,751.18,10.4
390,562.65,137.6
4,504.69,14.1
222,397.3,558.6
28,418.96,49.5
188,393.75,193
4,564.77,31.2
11,742.52,33.3
0,490.01,16.1
0,540.77,31
1,563.24,15
2,421.36,30.6
6,752.79,20.8
1,813.63,16.8
15,541.07,59.1
295,922.68,110
3,517.8,29.4
4,491.42,13.7
1614,675.3,407.5
4,435.28,23.6
3,722.5,12.4
6,696.95,32
0,399.09,24.1
0,462.69,10.6
1,463.85,21.9
19,927.25,43.6
0,550.26,19.3
3864,604.46,1115.3
371,638.49,183.9
520,656.63,333.1
75,829.28,63.4
0,504.01,8.2
17,764.72,46.5
27,628.43,53.1
14,611.74,63.2
7,505.04,20.2
50,626.56,83.9
0,615.56,20.7
17,532.33,28.5
4,801.23,19.4
5,494.39,24.7
0,526.98,17.4
43,436.92,65.9
4,539.48,42.8
0,453.84,8.3
85,592.6,41.8
7,411.58,34.9
0,415.03,37.6
4,647.65,13.6
20,536.25,22.8
4,597.63,34.4
7,674.84,28.1
37,624.77,93
36,876.96,26.6
2,789.8,13.8
0,604.35,23
5,744.97,13.1
8,492.54,37.1
34,474.35,40
18,682.22,61.9
114,671.78,67.2
12,670.44,27.6
228,420.19,212.6
59,635.52,49
72,547.1,95.5
3,517.32,9.6
0,469.78,21.6
14,482.68,52.7
21,568.81,41.3
1,808.48,8.3
6,629.54,22.4
41,755.5,30.9
3,307.3,14.4
1,436.67,11.1
71,419.99,93.3
0,1003.82,8.4
2,500.86,12.7
2646,560.44,643.2
3,669.98,14.6
130,451.89,144.6
1062,507.8,1967.2
758,61.91,5157.5
5,499.15,36.4
22,823.22,36.4
132,464.03,69.4
1,647.98,10.4
106,632.44,81.7
0,1177.27,22.1
20,826.4,25.6
75,428.6,75.9
1,759.91,33.2
0,759.18,17.8
42,592.56,61.1
0,266.61,8.1
5,681.77,27.6
3,462.41,69.8
10,400.04,92.6
1,730.1,18
5,734.98,26.6
2,406.62,21.5
22,876.57,39
2,586.57,25.5
0,628.24,16.9
3,501.78,34.7
0,418.18,20.4
0,487.41,19.7
0,691.55,24.2
6,410.08,50.3
6,552.44,47.3
6,777.24,37.9
8,413.79,47.3
990,476.15,338.7
165,466.31,160.7
0,563.78,14.4
0,478.71,47.2
0,712.76,20.2
14,422.11,51.9
502,473.75,92.7
1125,573.99,326
611,869.74,282
7,756.7,25.4
0,418.49,22.4
1,413.05,3.4
1,532.79,43.9
327,722.75,193.2
1,676.24,25.2
0,519.93,14.9
0,408.44,30.6
21,694.8,97.5
0,766.18,13.6
471,631.71,75
0,497.06,112
118,703.63,114.1
5,430.67,30
0,583,40.8
98,449.95,184.3
19,592.54,54.5
8,586.12,59.5
85,505.51,118.3
742,714.51,133.2
0,542.38,49.9
118,706.19,52.6
3,765.09,48.3
89,406.98,26.8
0,570.14,52.1
0,578.1,37.6
0,695.14,16.6
257,458.2,104
9,685.14,50.7
177,810.86,68.9
1,647.25,18.9
1,409.02,98.8
25,497.69,60.2
14,414.98,60.9
1,405.01,20.3
573,775.49,182.6
4,609.19,46.4
2,431.72,11.4
24,589.16,46.7
2,636.25,25.9
20,445.49,39.9
7,697.75,42.2
4,645.29,23.8
45,404.76,71.4
5,457.82,48.6
2,424.25,46.2
15,454.67,23.7
19,415.6,65.3
0,403.94,38.2
7,588.5,82.9
10,724.74,70.6
2,810.75,25.6
2,420.94,24.4
0,678.11,14.6
32,607.25,31.6
10,467.13,27.1
6,922.95,30.4
3,5541.62,1.7
4,4995.46,2.6
2,4227.55,1.5
0,1192.54,4.7
9,2048.79,4.9
1,3340.75,0.3
463,2698.16,30.1
4,3972.49,1.5
3,3783.36,3.1
1,1426.11,1.2
30,2371.87,3.8
5,736.53,12.6
25,1620.77,1.8
1,4339.8,2.7
233,5087.66,17.9
1191,2602.69,34.4
0,4675.36,0.3
1,2995.94,4.5
0,1175.34,0.8
0,1727.42,1.8
3,2898.96,5.6
1,1656.26,6.9
0,1869.82,1.1
15,1490.15,19.3
338,3458.83,18.3
0,1430.05,1.6
3,3612.92,5.4
4,3587.48,2.1
0,2643.17,0.7
0,2391.91,0.8
3,1219.44,3.5
578,2593.42,42.1
0,1868.16,2.4
34,2803.06,5.6
0,1654.87,0.3
1,5140.04,0.8
0,1622.86,3.8
0,3297.3,0.5
17,2326.39,3
0,1736.74,0.7
15,2390.82,16.8
164,2084.14,4.7
12,2354.79,4.4
0,5010.4,1.8
0,2760.52,4.1
3,1677.08,2
58,718.48,47.6
3,1795.35,5.1
3,1855.21,2
2,2272.38,2.7
3,1915.65,2.8
0,977.4,0.7
1,4925.82,1.5
0,1423.2,1.5
5,889.27,1.1
642,2633.29,56.2
606,423.94,356.5
53,259.99,143.1
17,235.06,47.5
33,531.45,50.7
75,426.14,64
44,247.09,72
170,827.19,57.7
20,699.27,30.4
80,874.33,40.2
1973,846.97,126.8
1312,656.67,362.9
94,507.1,179.3
1554,361.75,492.1
164,471.57,176.1
20,240.56,41.5
230,506.25,131.3
23,424.92,55.8
283,398.72,387.1
587,682.19,93.1
94,455.43,60.3
17,172.47,85.8
43,214.75,49.3
128,464.25,211.3
35,937.29,62
254,708.96,146
870,652.32,489.7
241,261.85,89.9
234,383.42,88.5
290,552.68,294.7
82,264.11,156.2
48,816.22,71.7
1591,285.98,935.7
31,505.34,111.9
1542,408.15,859.2
242,491.68,123.3
687,356.03,578.8
20,340.45,35.8
20,292.08,30.3
224,531.57,112.7
70,265.93,80.3
2339,645.7,756.4
54,724.09,75.5
612,594.99,192.7
122,553.69,106.6
339,373.07,286.1
20,353.06,69.9
219,390.74,120.2
8,612.7,9.5
798,573.83,277.8
211,490.76,82.1
1280,791.3,213.4
10,470.71,21.6
71,254.96,227
54,400.59,148.5
374,297.94,262.7
107,515.56,65.8
59,449.57,46.2
0,461.22,53.1
106,440.61,102.1
9340,523.84,1755.5
32,221.43,70.4
41,491.76,56.5
608,697.84,126.5
185,540.41,177.3
1749,191.53,1058.1
17,536.59,41.2
1081,762.74,233.1
304,397.96,336.2
0,336.54,39.1
63,226.88,179.2
459,869.8,60
26,247.09,54.4
105,392.32,100.6
905,651.98,257.9
67,237.79,86.3
184,782.52,181.1
197,473.82,98.4
140,949.22,141.3
109,565.55,165.6
288,511.37,270.7
139,564.15,120.2
65,944.74,67.1
32,318.85,113.4
92,395.09,153.3
135,448.86,105.6
73,532.17,138.4
50,528,26.5
65,378.53,87.4
1,389.04,11.3
1425,631.52,318.7
26,253.52,179.2
10125,835.22,1078.8
30,428.46,48.9
8,348.14,38
243,312.56,163.4
257,553.09,221.7
92,754.28,91.9
182,368.17,220.6
36,334.83,114.7
51,312.6,57
33,987.62,2.4
76,1491.55,7.4
1,1388.71,4.8
12,1148.85,0.7
3,1668.42,3.9
7,1161.81,2.7
5,1103.57,1.8
1254,1632.65,49.8
3207,1764.94,84.9
11,1488.75,2.7
3,1131.47,4.7
24,1260.79,1.6
113,2008.46,1.8
9,630.17,3.8
10,1510.44,2.4
4,635.45,5.3
23,1000.79,1.7
931,1436.38,46.5
2,1659.14,1.4
2,708.82,3.4
3,1132.22,2.2
0,1351.19,1.8
1,1145.94,3.6
2,992.82,2
27,1873.95,2.9
1,974.73,2.9
1692,2760.32,2.3
158,2110.88,4.2
14,1042.96,8.1
509,1926.27,14.3
153,1825.3,4.2
3,981.78,3.2
8,722.51,2.6
0,1118.69,6.6
4,1018.6,4.3
31,1186.85,9.6
5,862.36,6.3
8,877.05,2.8
25,1435.78,11.4
1,903.08,15.4
22,858.51,4.5
2,972.38,1.4
0,1094.09,3.8
0,1214.92,0.6
627,1334.74,18.1
6,712.22,2.8
43,2221.72,9.5
0,1024.56,2.2
11,861.95,9.4
11,1281.93,8.7
854,2013.28,30.6
6,1271.05,3.3
2221,2077.4,10.8
120,563.27,55.7
11,857.22,7.8
0,715.36,0.6
0,746.11,0.9
0,710.87,0.7
0,686.55,8
1,1075.29,10.5
0,539.94,3.9
1,1221.33,2.6
277,968.11,47.6
9,491.58,14
3,584.91,14.4
63,557.45,45.3
9,740.31,12
1,894.42,4.4
29,5960.42,1
28,1196.29,8.4
10,572.29,11.4
18,411.66,25.5
14,570.62,16
35,2575.52,4.2
27,264.26,79.5
1,1396.46,6.6
44,1013.1,24
0,439.85,4.4
4,476.23,12.6
45,528.71,69.4
2572,328.46,1574.4
0,919.68,2.2
15,575.37,10.2
2,575.82,5.6
3,974.59,2.8
5,719.13,6.9
11,851.49,26.2
0,1704.28,1.2
8,569.79,3.6
6,458.16,4.5
0,776.22,0.8
0,569.81,4.5
216,546.29,107.3
36,542.88,16.8
8,553.47,6.2
0,713.06,1.4
0,709.94,4.1
10,2412.4,4.3
3,721.12,1
28,569.34,11
8,570.19,13.2
3,376.05,13.9
13,516.24,12.6
10,1061.6,7.9
0,773.07,1.1
0,951.85,4
36,1108.35,7.9
1923,837.55,340.8
54,2564.07,14.2
0,570.66,1.3
5,568.29,1.1
61,572.74,60.9
0,858.98,0.6
24,484.88,16.2
7,1423.84,3.5
20,441.63,8.5
4,407.38,17.8
2,575.16,7.8
29,615.63,25.6
2,431.08,6.4
0,883.34,3.4
14,539.79,17
23,573.25,12.7
61,674.06,47.8
2,438.35,12.3
5,716.99,15.4
4,551.84,15.2
2,1008.32,1.5
11,574.02,24.7
1276,238.99,664.6
56,750.23,27.7
29,739.4,50
71,571.43,29.3
1,2440.86,2.2
3,565.83,5.6
3,2066.74,0.6
22,427.95,14.3
9,573.81,9.1
0,713.24,0.9
2,393.58,17.6
11,568.05,7.5
71,389.96,51.9
35,442.92,21.7
4,574.91,6.6
0,575.18,1.4
16,572.51,23.9
198,400.23,150.1
197,931.06,51.4
141,706.66,109.1
56,1794.69,18.4
187,1708.75,52.2
968,876.14,457.4
312,934.12,156.8
875,694.72,425
416,368.98,333.7
53,537.31,81.4
722,555.7,494.1
3408,233.01,3884.5
1000,798.58,561.9
1506,221.26,2321.5
638,251.43,386.9
212,483.7,324.4
2617,126.21,6211.5
491,322.01,895.3
4621,46.19,13731.4
348,427.82,300
368,224.56,1632.2
1901,308.91,2621.6
1484,468.79,1344.7
1591,460.18,1069.8
2937,628.78,917
518,184.59,2715.3
51,331.9,199.1
1310,301.81,1071.7
222,519.01,287.6
1966,102.86,5216.1
244,356.92,304.5
1525,1160.83,570.8
0,6923.69,0.5
54,6065.28,10.8
0,4539.48,6
13,3758.06,3.7
141,1404.8,34.4
0,2322.62,0.9
617,3807.51,55
336,4175.73,12.9
4,3961.63,7.4
0,3030.48,1.5
0,2125.44,0.3
0,3436.86,1.4
276,4390.93,14.7
59,4831.09,4.2
3,109.17,164.4
7,2965.19,8.5
4,5449.81,13.1
0,1931.27,2.5
0,6613.21,9.6
0,2874.35,3.1
0,5860.84,6.9
20,2447.43,8.1
943,3710.65,35.5
173,5513.07,23.6
0,4715.82,6.2
161,1909.41,75.5
0,4178.96,2.9
1,6646.68,2.7
80,2203.11,15
0,3344.85,4.9
0,3823.74,1.2
75,1066.18,71.8
35,144.66,382.1
38,4930.46,5
10036,7891.43,247.3
156,709.72,66.2
350,17169.83,2.8
0,3581.88,0.2
0,4175.68,0.5
20,9640.76,1.7
7,5490.11,1.1
12,10633.2,0.5
140,2001.19,26
1,3752.84,1.3
0,18181.92,2.4
2,6036.56,1.1
6,262.92,15.3
2210,6302.37,66.9
3,8875.65,1.1
775,522.8,581.9
64,1029.31,47.6
1885,42.1,32903.6
53,705.77,284.2
80,1308.35,61.4
171,691.58,115.7
212,1060.23,127.2
61,407.35,218.1
204,893.55,56.5
140,1037.85,79.1
97,634.71,99.4
42,498.76,98.9
77,1442.44,33.3
358,795.63,373.9
1682,1042.69,881.4
94,1794.23,21.9
57,1629.12,31.7
72,495.47,112.1
41,492.94,121.9
100,647.16,76.1
42,1717.37,2.8
78,1411.47,45.7
519,1268.59,91.6
7551,70.82,35369.1
79,1274.68,21.3
62,631.76,103.5
82,654.84,112.2
1204,657.21,1132.6
46,403.04,124.6
905,284.72,4704.8
5380,22.83,69467.5
196,522.36,414.4
158,1212.43,193.7
956,778.39,600
323,644.07,167.6
916,811.69,459.3
27,391.26,109.6
125,951.65,128.3
181,1001.7,62.2
85,230.31,432.9
4900,108.53,20553.6
241,652.43,244.4
712,58.37,8030.3
483,173.55,1795.9
969,809.98,271.1
228,204.52,756.6
18,621.82,52.7
31,328.33,55.9
28,323.71,108.9
172,2680.38,41.8
86,1390.56,71.2
1217,912.05,1637.4
238,968.13,80.1
32,518.6,98.6
301,474.65,214
289,1124.24,162.3
278,866.95,75.8
90,831.18,76.1
105,603.83,155.3
584,430.5,2204.7
34,592.75,71.1
70,338.14,75
2,583.87,48.9
61,402.5,264.2
48,422.95,125.6
91,701.93,144.6
93,503.6,128.6
74,401.39,114.5
5,532.13,132.3
60,490.02,91.5
866,467.06,788.2
1,394.61,73.1
29,428.67,93.5
53,397.47,348
389,452.1,436.5
23,408.68,102.9
16,531.89,202.7
3,563.91,65.4
11,401.79,109
719,457.19,2800
38,598.1,88.5
22,411.46,94.9
914,443.1,393.2
57,251.56,306.4
349,504.41,289.8
22,406.36,71.4
5058,532.19,2186.1
43,405.44,105.3
3,466.53,66.3
154,400.16,233.4
250,413.73,390.5
54,522.25,76.8
1590,405.91,1976.7
92,531.36,140.7
17,470.41,68.1
0,402.34,39.4
20,416.01,67.8
8,553.08,78.8
15,421.32,69.7
4,422.53,100.3
40,491.5,121.3
57,420.3,79
21,408.33,170.7
119,525.49,115.9
567,227.49,1011.2
6,453.37,137.7
248,682.5,243.9
56,458.43,100
824,491.1,613.6
814,340.86,1296.2
44,465.88,93.2
135,411.62,580.2
94,403.76,164.7
636,421.36,409
9,430.1,55.3
65,462.45,88.3
148,406.58,252.1
0,455.72,32.1
381,461.55,1159.5
5,416.42,36.2
27,406.08,85.8
50,664.58,129.5
29,398.01,36.8
94,254.92,162.5
10,416.44,47.1
28,407.97,88.4
25,501.32,111.1
49,440.28,65.2
292,487.38,331.2
27,424.12,99.7
47,482.52,71.5
61,495.27,251.3
55,689.19,113.3
20,408.45,149.2
151,610.21,130.3
27,551.02,103
41,407.68,121.2
550,575.27,652.9
471,412.75,1312.6
88,618.3,340.1
59,567.64,163.1
336,431.73,121.1
24,409.16,70.3
0,412.36,32.6
1301,401.31,530
40,631.97,97.8
184,554.93,206.4
29,420.97,89.4
218,617.21,203.3
16,406.87,55.6
25,573.48,39.6
0,866.46,6.5
2,975.52,14.5
0,1814.67,3.1
29,901.81,24.5
6,928.42,12.9
87,904.47,46.9
12,1278.29,23.2
265,896.63,128.9
71,822.18,57.8
63,749.41,62.7
0,770.36,19.7
0,1834.74,1.3
1743,538.77,474.7
0,516.68,11.5
113,1069.29,116.1
1,632.65,9.8
5,761.35,19.7
108,950.14,73.6
44,988.82,27.8
36,738.18,56.2
0,999.48,4.8
1,1231.52,3.4
69,1058.47,57.2
33,802.12,34.4
100,1100.5,47.6
6,1000.87,4.5
1,639.32,9.8
0,537.19,5.4
0,1039.02,3.5
25,576.52,22.1
2,804.65,17.4
27,802.65,32.9
8,758.83,8.5
5,642.94,17
71,919.73,50.6
27,898.16,16.7
1,1015.23,9.3
1,722.08,15.4
77,1589.21,31.7
14,952.31,36
16,743.83,56.3
0,514,18.3
4,954.99,7.9
6,371.08,42.7
17,655.39,63
222,570.7,60.5
8,1850.01,17.9
35,618.5,32.7
12,416.46,32.4
22,810.45,87.6
2,731.9,15.8
12,565.78,18.6
0,618.57,19.7
5510,708.82,1013.8
1,697.35,57.5
124,2246.36,21.1
8,470.82,67.6
1,567.96,29.2
303,684.7,113
73,1305.46,35.1
106,720.44,52
83,787.67,88.2
0,1395.84,8.3
1,1141.14,3.2
505,675.63,128.6
5,632.84,40.3
70,673.27,63
36,870.24,51.8
9,2041.26,10.1
1,871.13,9.2
3464,570.25,1058.1
330,561.56,130.1
91,415.45,122.7
0,1003.17,11.6
1,1286.45,6.9
23,1242.4,16.2
18,3068.36,5.3
451,675.94,126.6
1480,1870.32,201
102,829.05,44.7
106,657.36,75.1
30,1596.17,39.5
85,2979.09,7
42,1627.46,13.7
1330,3018.19,52.3
166,5036.08,21.4
0,1204.81,1.6
0,4528.54,1.6
2,10133.17,0.7
88,521.95,42.8
747,2783.55,73
39,1780.79,12.2
149,1639.67,50.4
75,5941.05,11.2
9,8138.98,1
1316,4553.12,77.2
144,979.77,47
393,2290.13,50.9
29,9887.53,3.2
698,1182.33,266.7
16,2031.61,5.5
5090,431.3,1704.9
246,740.79,101.8
0,823.69,2.1
82,1102.58,22.9
93,3215.51,23.6
86,2036.61,12.6
23,3146.19,2.2
0,2381.52,10.6
3030,724.23,731.4
0,1714.75,0.8
376,715.86,138.6
272,518.67,195.5
2343,730.08,1675.6
45,653.2,105.5
141,434.71,392.3
66,1012.3,49.2
458,856.51,480.4
100,525.8,241.7
77,1147.4,54.6
778,604.31,1034.7
624,788.6,233.1
61,688.35,208.7
0,396.23,12.8
70,381.46,171.1
511,1109.92,138.7
1459,750.51,664.7
422,600.83,66.6
126,1144.72,71.3
38,887.98,44.2
79,483.11,139.3
73,1012.3,87.7
879,545.46,431.6
651,525.05,510.6
435,183.84,3040.5
55,827.36,38.6
321,799.15,351.1
193,790.34,172.8
4,427.19,18.1
356,772.22,193.7
26,437.55,33.9
66,575.95,67.2
65,874.64,52.5
54,827.03,107.5
74,652.43,69.3
34,391.35,63
2009,459.08,467.1
1109,943.81,550.4
41,358.18,254.4
348,361.83,369.1
773,345.17,1012.5
252,890.33,360.4
214,1228.59,94.5
28,979.2,44.4
90,672.58,173.4
56,411.03,113.6
153,608.29,279.2
1752,483.04,1655.9
34,130.24,140.3
714,369.67,805.4
68,458.37,206.2
72,551.45,83.4
3973,134.1,11379.5
85,544.96,105.3
10,1081.32,16.1
134,778.63,190.4
51,328.71,120.8
57,1074.37,72.4
17,449.94,14.3
57,823.44,52.7
79,1133.79,37
57,315.98,142.2
41,674.28,81.5
19,884.14,47.3
453,856.99,242.5
110,725.6,72.8
391,1027.55,355.4
40,397.32,71.2
816,904.18,481.1
30,24.16,2064
144,168.53,985.9
185,102.39,809.6
342,409.5,1530.3
251,329.24,385.7
41,490.48,51.8
678,1071.03,149.5
27,408.09,25.5
863,715.43,261.6
10,393.37,40.6
37,548.39,41.2
1197,576.28,281.5
1977,1098.86,161.8
28,381.15,39.8
3123,916.09,382.3
143,392.66,140.9
26,580.66,57.1
50,799.08,58.5
97,606.94,57.6
37,1056.49,36.8
99,561.15,122.4
19,404.87,79.2
1055,573.23,238.2
71,500.41,53.9
64,686.28,34.9
280,799.96,171.1
296,813.55,73.9
3094,785.12,574.7
162,454.73,153.2
9,559.9,37.7
3473,1133.9,237.5
229,655.32,37.8
262,726.56,84.9
1063,549.16,139.6
88,713.8,93.2
9,410.18,46.9
1412,698.91,375.4
15,489.23,67.6
9,479.67,60.3
24,359.13,28.5
59,630.04,59.5
243,626.33,118.6
41,1106.1,83.6
434,496.41,240.2
2275,757.07,507.9
26,452.78,43.9
1090,807.93,351.9
289,665.07,161.6
14,514.17,56.3
17,934.16,36.8
2982,680.6,332.2
3,708.43,3.8
23,1258.71,13.8
1,1184.71,2.9
20,563.7,12.5
205,792.21,40.3
145,1712.98,21.3
29,817.24,6.4
0,471.38,4.1
22,2249.9,4.5
2,733.68,2
6,1097.49,8.3
13,957.6,3.9
48,412.19,33.6
149,688.5,39.5
0,2469.69,1.6
86,1557,5.3
33,435.56,44.8
44,1027.87,5.6
1,622.69,7
2,2302.49,2.3
7,431.8,7
15,1125.96,3.6
3,1739.92,4.1
5,981.75,2.4
32,681.46,10.8
10,1014.96,4.2
1,1810.53,1.1
26,507.23,11.6
11,1436.61,2.4
7,434.51,7.7
6,2671.38,0.5
118,741.56,23
22,812.9,9
0,860.52,1.7
0,1863.91,1.6
1,526.23,3.9
8,969.68,1
19,832.24,6.2
31,563.28,19.9
220,800.04,30.1
261,577.28,77.7
9,1641.94,2.3
19,838.07,5.6
35,574.2,9.8
2,1136.64,2.2
121,3470.98,7.3
2,1307.31,1.6
6,570.31,4.2
2019,807.15,210
13,519.39,12.5
0,2093.9,6.5
464,2776.55,36.4
0,2870.48,1
3,861.14,2.7
28,1101.04,9.2
8,569.32,4.1
24,1503.93,4.3
18,1444.43,2.1
9,1006.82,1.4
0,1388.56,6.9
6,1612.45,3.5
15,617.06,13.5
189,460.54,31.3
9,708.63,7.7
88,521.16,43.1
0,1961.27,1.4
173,337.16,222.8
171,473.64,95.1
0,394.14,41.8
0,406.43,31.7
608,558.71,220.2
547,328.76,301
151,480.19,84.8
11,265.64,52
5,599.25,47.6
51,341.2,168.3
107,302.44,129.3
8,285.74,60
125,434.58,74.1
0,236.54,33.2
1,434.57,82.1
129,428.96,123.1
2,265.54,54.9
246,681.03,82.3
6413,504.03,1243.3
0,333.85,35.2
7,304.35,61.5
202,489.9,101.4
56,512.33,74.8
235,704.79,54.5
0,498.61,36
110,554.54,74
108,602.74,82.4
5,610.93,48.3
2,280.6,80.7
94,622.17,110.6
3,360.53,38
53,161.18,388
2036,542.43,620.3
0,222.34,30.7
23,667.77,40.8
8,577.32,45.1
11,486.98,116.7
18,533.11,35.2
1,520.07,53.4
13,562.1,57.5
3,612.5,40.3
1,200.29,42.1
10,530.98,34.9
0,308.32,37.7
98,274.08,187.6
1,298.48,61.1
1912,508.22,850.5
6,165.78,47.2
14,471.99,58.9
10,617.13,67.8
5,282.09,43.1
3,570.34,58.5
206,229.22,211.8
6,307.14,72.4
195,557.12,176.4
74,498.16,56.7
102,375.46,81.5
784,613.14,132
24,430.13,121.5
11,562.86,46.3
45,195.12,60.2
61,635.57,70
1446,539.18,319.6
27,129.22,49.2
0,522.18,42.1
11,544.73,58.4
3,433.48,50.9
0,414.73,19.1
0,162.98,31.2
142,434.68,38.7
424,401.1,180.3
62,315.38,100.9
7,360.71,150.2
243,476.29,139.2
2744,619.36,424
3,532.3,41.8
7,265.86,53.1
60,592.5,151.7
1516,763.17,1215.5
66,314.29,61
18,459.33,29
249,413.36,379.4
869,529.45,303.4
138,458.37,133.3
45,114.19,68.9
1,186.17,98.4
50,223.55,85.5
0,273.42,20.3
52,432.68,92.1
654,326.47,376.7
1,734.1,23.2
33,580.36,60.3
6,376.67,68.6
1902,582.6,314.4
1549,570.83,199.7
2,1062.6,55
155,1500.71,9.9
76,797.78,108.8
169,252.07,91.9
9,903.11,10
0,909.11,2.1
69,1219.54,36.8
27,646.51,44
0,826.8,8.7
1,790.96,25.9
167,888.15,83.5
0,867.48,4.3
11,880.24,36.2
1989,1051.02,295.2
6959,1239.82,1383.1
35,709.25,14.8
0,897.44,0.7
3,982.98,18.5
95,885.01,104.6
3476,1357.7,230.7
1786,585.45,332.8
11,6183.73,1.5
0,900,1.8
0,943.36,7.7
31,944.43,40.3
8,659.03,26.1
261,994.26,43
98,545.26,69.8
81,506.84,42.2
5,899.37,15.1
1417,890.92,456
10,195.83,63.3
3,920.22,6.7
11,936.96,32.5
0,894.43,9
377,597.14,58.8
6,1052.91,48.3
0,696.41,10.1
5,1088.72,9.9
1,775.15,4
0,911.47,3.6
0,1261.95,7
10635,841.23,930
0,918.44,3.3
10,960.27,21.7
2075,559.48,193.9
3,937.75,14.9
0,983.8,4.2
25,874.76,43.9
146,1052.07,71.7
0,900.56,1.7
1,785.07,5.6
0,2807.33,1.3
5,900.2,6.7
1,3812.8,0.6
20,1503.26,4.5
14360,871.28,2718
7,900.31,15.4
10,1496.87,12.9
2,256.83,20.4
3565,878.43,754.3
5,908.98,22.1
0,901.72,2.7
5,1328.88,7.5
1,926.89,4
0,1793.48,6.6
0,926.49,20.1
556,897.69,152.8
0,2117.86,0.9
1096,935.49,159.9
3043,1012.69,790.6
85,1083.07,35
3,765.48,23.3
27,890.84,38.1
6,950.01,25.8
0,898.94,4.4
6,992.14,6.5
0,704.4,1.9
9268,861.48,679.5
1,284.39,37.3
7,877.74,22.6
11,1133.5,15.2
15,1502.38,11.7
3006,378.36,769.9
0,893.41,7.2
39,1058.21,23.5
0,900.22,1.4
0,852.01,8.5
35,1066.69,18.6
3,925.97,24.3
271,932.8,129.6
266,273.3,445.4
15,787.46,33.8
765,711.3,184.9
8,1004.68,36.1
0,883.49,3.8
1,835.91,10.2
17,919.81,6.1
0,695.11,6
117,890.57,61.3
40060,1703.48,2402.4
79,899.95,72.9
0,1462.03,4.1
2,903.13,6.5
2305,677.98,231.7
6,906.29,4.2
68,873.75,89.9
3473,1570.87,493.2
6,958.86,36.6
15,908.39,25.2
121,420.64,121.7
8,767.17,45.8
5,1230.91,19.3
33,900.79,38.9
0,4570.98,0.8
66,840.32,102.5
0,887.42,25
0,1051.56,1.5
5,910.66,9.9
18,829.44,17
8,938.85,38
0,2264.56,1
1061,876.3,287.9
0,1136.14,4.7
26,864.97,47.2
960,724.69,208.3
1,928.55,21.8
78,747.56,19.8
219,780.7,132.4
380,662.45,50.4
0,1458.33,0.3
0,902.51,0.9
91,1103.32,45
5,1250.99,3.7
0,910.87,0.3
1,1360.06,2.6
36,881.31,36.4
0,850.62,4.4
43,907.19,54.9
7,1016.18,13.8
236,712.84,27.6
24,1486.69,4.6
11,969.71,19.9
3,629.02,26.4
0,1073.15,15.7
300,1158.42,65.3
4,905.29,25.8
6,932.18,3.5
12,1039.7,11.1
202,934.03,20.7
0,668.93,0.1
2128,895.6,311.3
3,891.87,6.6
4,466.07,29.3
2,380.88,27.7
3,914.94,5.2
4,928.8,4.3
222,1100.28,33.4
99,1279.26,42.4
0,1065.6,7.8
1468,1037.1,226.5
0,1139.43,0.6
49,1325.36,34.7
0,902.03,2.5
1553,900.3,152
10,1016.93,24.3
0,748.26,6.6
5,911.09,10.3
0,930.91,21.2
7145,1041.74,437.5
16,899.69,24.3
1,251.99,51.3
0,989.56,1.2
68,946.54,68.2
23,1009.63,47.3
0,933.68,15.5
0,912,16.7
2452,838.48,405.8
7,917.63,11.1
0,1500.53,1.4
428,333.67,245.3
5,951.79,29.5
14,801.75,29.7
382,903.48,129.4
13,880.78,11.7
7,4763.85,3.3
469,1057.09,43
853,908.37,133.3
9,3855.24,2
5,229.45,47.6
62,911.54,132.4
19,1175.3,2.9
0,699.2,4.7
8,1036.58,12.4
3,2635.38,5.2
22,770.44,9.6
0,924.06,1
9,855.68,19.4
965,127.04,616.7
4,1050.95,10
3,924.03,57.7
0,491.39,22
0,530.66,16.7
2,569.24,46.3
243,693.45,93.5
0,1135.3,5.4
1,1310.63,2.6
8,905.44,18.7
0,914.29,3.7
15,795.58,32
10,923.04,3.3
389,921.45,227.6
18,186.46,45.5
0,1223.18,49.8
0,896.72,10.7
0,923.45,1.2
0,916.31,1.6
0,1453.93,2.8
0,890.16,8.8
8985,863.61,2094.7
278,915.55,143.6
0,2358.03,0.4
3,888.84,14.2
0,912.55,1.8
22,406.05,79.6
629,1521.97,72.4
12673,990.2,1034.4
6,693.61,21
1,924.5,23.5
21,582.95,67.4
1,1241.32,2.7
13,1551.95,17
63,3144.75,15.5
89,842.56,62.4
835,882.14,98.4
222,784.17,86.5
82,513.43,84.1
19,835.6,12.8
85,603.95,55.8
1719,3361.48,74.5
19,1086.15,38
0,914.52,5.9
143,627.78,209.5
2,970.84,13.9
98,590.55,37.5
4706,1118.3,378
34,803.73,53.4
0,841.11,8.5
46,904.42,65.4
19,645.23,65
14,799.71,9.9
35,914.47,20.3
0,998.41,14
11,1297.41,9
16,2589.88,2.6
164,5745.55,8.7
749,1164.81,96.7
66,1478.49,14.5
7,696.98,1.5
1512,298.78,1025.8
137,3240.95,5.7
10,4462.31,2.5
42,5175.12,1
89,3671.54,2.5
238,3296.68,14
38,3392.28,3
15,3990.23,1.8
28,6572.43,1.9
83,609.2,15.5
10,757.79,2.1
21,1028.78,2.2
4943,742.28,1387.1
21,7819.99,1.9
37,1590.15,17.5
45,1910.58,10.9
286,1871.71,19.4
375,6941.35,8.4
322,4479.69,7.3
5257,2003.45,257.8
436,1175.5,20
1628,2426.36,56.9
16,2460.68,1.1
919,576.08,401.4
67,449.5,73.8
404,720.7,137.3
1324,15.03,9314.3
17,445.46,36.5
40,355.27,35.7
50,473.93,68.3
62,333.49,44.9
2160,25.97,7993.6
418,967,76.3
4,529.16,8.9
420,753.02,91.2
13,357.73,19.1
75,541.2,61.2
10,13.01,1370.6
0,566.17,30.8
9,502.76,47.9
34,579.66,29.6
0,6.7,991.9
297,503.87,108.8
73,527.51,54.1
52,474.69,63.3
18,182.82,39.7
13,475.27,26.5
173,10.24,4246.4
886,340.8,652
1622,423.3,747.1
34,176.18,79.7
13,7.52,2315.3
1,5.47,1090.2
18,329.53,15.7
215,379.23,123.1
20,297.46,33.8
12,42.93,1002.8
8,330.53,48.1
42,503.72,55.6
13,6.89,859.7
16,257.12,43.4
2249,390.97,2766.8
54,6.24,3616.8
547,2,6169.1
267,647.45,100.7
49,380.42,40.2
94,286.01,89.8
112,690.43,81.3
3,8.21,1045.8
436,413.5,189.4
23,10.44,2326.2
1,8.24,854.6
16,355.78,48.6
140,217.81,169.2
127,281.42,77.2
28,442.18,35.1
116,156.25,117.8
14,295.23,41.5
64,817.84,44.3
160,51.41,2673.2
522,468.54,213.1
152,17.42,2808.2
693,233.7,1313.4
28,382.33,141.6
12,415.16,5.6
90,10.28,2198
131,315.61,111.8
709,142.44,470.4
13,315.14,22
104,179.64,131.3
74,273.94,58.2
32,133.25,85.5
16,435.52,58.8
8,2.5,2820.2
3480,515.56,605.8
168,496.3,66.8
13,431.68,29.9
92,49.13,1538.2
31,320.68,41.5
125,9.88,3827.6
11,2.53,5632.6
1,10.96,1261.5
25,85.93,104.5
60,625.49,52.3
39,130.31,84.1
233,387.01,243.9
52,470.86,31.9
162,209.73,87.9
330,68.71,2630
650,54.12,4486.4
50,211.61,58.5
55,191.3,64.5
0,7.48,529.1
27,314.39,50.4
86,340.78,98.2
39,310.86,77.3
31,483.1,38.3
8,22.93,1413.7
73,968.94,65.5
24,15.32,793.2
153,33.65,2838.8
191,260.22,107.8
52,349.96,66.8
66,265.16,134.7
1225,336.4,1195
45,319.86,109
10,9.87,1662.1
22,266.23,27.7
26,191.49,48.3
551,59.81,3414.7
219,250.52,368.7
49,42.56,2279.8
44,597.56,37.3
252,849.09,89.9
30,473.82,61
38,14.44,1717.9
15,535.53,43.3
87,508.78,82.5
26,450.93,71.4
28,599.15,31
375,401.5,304.9
772,268.96,479.5
137,19.98,1188.8
348,400.17,211.4
25,278.95,25.3
20,490.22,24.7
26,518.85,86.9
1208,249.02,1758.9
87,213.47,176
55,560.98,97.8
48,15.04,1396.8
64,229.38,76.1
258,9.02,1559.3
23,9.23,2838
14,403.19,102.8
79,461.82,63.3
432,104.78,624.8
101,766.33,48
35,674.98,55
49,648.86,48.1
533,536.58,291.7
9,663.6,9.5
152,633.71,75.3
21,81.81,85.2
66,458.8,53.3
39,687.03,42.1
200,693.27,39.3
50,929.82,66.3
127,687.23,86.6
91,785.31,56.7
73,969.34,58.5
50,1924.98,9.7
35,636.21,34
942,1700.38,103
304,2920.53,24.8
160,1738.33,41.1
2240,629,676.2
7,868.63,4.7
178,1140.13,89.8
156,1819.26,21.1
10,2203.16,3.4
322,1242.17,62.9
3,710.69,3.2
264,2679.51,33.3
142,1902.03,38.3
252,208.45,376.6
121,1803.7,16.6
14703,2115.57,912.9
598,394.94,635.9
283,2297.27,17.8
83,1871.31,10.9
164,2402.8,31.4
30,2310.49,4.6
108,959.42,63.3
165,5267.98,7.8
63,932.66,22.4
42,1399.99,9.3
3777,1669.51,476.3
109,173.92,90.7
274,1731.2,67.5
34,1655.68,6.7
3473,2087.27,341.8
1839,1763.79,267.2
79,2477.77,17.6
1003,721.96,349.4
11,263.38,15.1
207,1270.13,46.3
1007,2106.86,95.5
218,2159.09,20.7
442,4295.4,56.6
61,645.65,32.3
8,1045.04,15.5
127,862.71,53.2
51,1477.86,10.2
867,529.71,468.2
33,671.64,20.2
62,821.85,18.8
209,318.24,153.9
220,1008.37,61.9
37,1209.82,28.7
186,765.53,74.2
27,570.66,29.2
3543,1197.24,407.7
129,875.63,101.4
134,481.98,57.6
72,1304.14,33.9
68,850.11,51.6
243,637.98,154.8
27,488.2,9.1
240,719.55,141.2
41,1014.07,9.2
82,1146.85,44.7
36,583.96,63.1
25,349.44,54.5
40,762.58,31.1
29,758.17,7.8
36,987.72,20.7
109,556.47,150.4
69,766.93,34.8
267,271.99,611.9
30,342.52,60.1
254,451.69,253.8
16,633.59,26.6
98,870.64,22.9
77,878.97,32.7
120,589.08,138.3
383,1544.98,86.8
76,1399.35,29.8
28,455.6,33.8
14,357.61,11.8
795,241.4,3926
96,900.78,49.6
107,997.99,37.7
132,1112.97,32.3
721,637.52,277.2
264,233.08,370.7
18,231.98,32.2
105,573.75,71.5
83,913.96,48.4
122,800.68,87.4
52,1254.38,11.3
207,332.5,587.7
24,586.15,30.7
143,718.14,223.3
52,913.59,16.2
113,830.9,74.6
82,1257.31,13.2
44,893.06,47
111,511.27,225.9
292,722.33,116.8
28,974.88,21.2
134,732.97,39.3
62,791.58,37.6
141,856.6,25
203,555.13,184.2
71,797.11,20
337,430.7,306.2
1020,549.57,709.4
88,747.71,70.1
54,626.15,39.1
511,434.49,384.3
236,793.12,94.2
30,341.06,48.6
701,321.14,324.4
16,501.54,49.1
0,510.81,28.4
4,89.21,269.8
138,281.02,342.8
0,279.25,27.3
9,341.9,27.5
0,319.72,25.7
34,661.55,69.6
6,338.5,25.7
66,477.37,25
53,1019.57,34.8
66,640.25,37.4
16,82.61,371.3
34,582.31,24.1
105,416.01,166.1
2,464.35,62.9
200,209.64,255.2
296,901.59,214.1
1,384.9,42.5
11,437.04,49.7
1,453.74,81
13,308.74,182.7
1,305.43,108.4
1,430.75,63.4
7,533.46,41.5
5,418.99,148.6
32,327.83,86.1
5,423.11,63.4
100,360.06,267.1
0,472.75,28.6
48,229.07,76.6
0,646.82,40.6
55,105.82,420
18,696.05,11.1
5,130.1,58.5
3,940.28,9.3
1,648.81,51.7
166,345.67,160.5
91,605.35,130.3
10,1039.68,28.3
1,451.99,23.1
35,483.56,30.9
16,360.46,38.6
3,172.77,97.8
3,418.92,17
7,256.29,35.9
100,354.64,68.4
16,505.98,84
0,553.47,16.5
20,358.06,46.3
19,232.51,24.6
105,366.26,237.4
2,499.45,47.6
99,4273.84,8.5
13,3137.1,3.7
163,4802.71,9.6
31,7897.58,2
43,4254.88,3.3
5,2854.41,2.5
18,9183.81,4.4
1,2225.39,6
0,2004.09,2.4
12,4154.15,2.1
403,2685.91,34.2
68,4076.13,4.4
330,5340.35,14.1
1,2626.04,0.9
131,6942.08,4.1
22,2084.21,4.2
117,2523.99,11.5
27,4886.54,2.1
227,10426.65,4.2
145,3995.38,5.3
40,2081.26,10.1
4,2238.55,3.8
1,2398.09,3
