Income,INC110213,Poverty
24571,53682,12.1
26766,50221,13.9
16829,32911,26.7
17427,36447,18.1
20730,44145,15.8
18628,32033,21.6
17403,29918,28.4
20828,39962,21.9
19291,32402,24.1
22030,34907,21.2
20701,41250,19.5
20323,33941,21.5
18979,29357,29.3
18694,34002,19
19108,38019,18.4
23380,43768,18.6
21572,39077,17.9
15605,24658,32.7
18493,37277,20.9
20391,35869,20
21343,36275,19.1
20760,38847,18.8
22685,44889,17.4
17245,26519,35.5
18149,37851,19.9
23856,54766,13.4
16540,30687,25.4
20204,38013,19
18494,33838,19.9
18888,36415,21.9
20199,35625,21.2
14930,24226,32.9
18812,30051,26.6
21924,41650,14.4
23316,40948,18
20486,37634,16
26906,45429,18
19026,36028,22.3
23510,42844,17.2
20181,38551,17.5
23506,43542,22
25020,48619,14.7
18368,26230,26.7
16826,30724,27.3
31933,58434,12.8
22072,35079,24
19576,32888,20.9
20382,39526,19.5
22501,43028,19.8
15749,29203,28.6
24975,44790,21.2
23764,44800,15.7
13716,28209,25.6
17153,28741,27.2
19715,33090,27.6
19830,35213,24.5
19678,36143,22
33313,68770,7.9
23872,50786,15.2
14156,22186,38
19410,35439,22.9
21434,39130,19.8
22637,45408,18.9
20698,37566,20.9
20395,42156,18.4
13379,23642,39.2
18995,32900,24
23045,39633,15.8
19761,35683,18.9
21334,35343,15.5
26715,54515,12.2
22160,38506,16.6
19386,30409,31.3
17763,30980,14.9
20637,36584,18.8
16538,26201,33
17960,32721,24.3
18509,31502,20.2
23044,40246,15.8
20622,39420,17.7
19439,35128,25.4
20040,35225,24
23138,41393,20.6
19477,39479,20.2
19665,37751,26.3
18701,38085,17.4
16838,28931,19.7
19822,28680,30.1
17057,31171,28.5
24401,50314,14.6
19135,36766,20.5
19326,35522,18.7
23170,39162,20.7
23239,49004,9.9
19652,38413,17.1
17376,32056,27.4
19286,41193,14.2
18707,35879,23.2
20289,35026,23.7
18040,30661,18.7
15609,30284,28.4
19353,37140,23.9
19366,31003,20.1
17212,29732,24.1
15971,32239,25.4
12529,25034,31.5
15023,32697,27
19880,39673,14
19046,34996,17.6
23218,52582,13.2
18754,35771,22.6
18188,34494,18.9
20636,41319,19.5
18905,36428,24.9
16939,27263,28.8
19021,31345,22
18695,33694,26.5
17884,30038,23.5
18975,32015,23.1
22047,42455,15.6
16830,26737,33.5
18377,32206,24.8
16919,32089,28.1
19116,32835,23.1
19918,40453,19.3
18137,34855,21.2
27414,46013,17.2
18871,34418,21.8
25962,55348,8.6
18934,37448,20
16731,30779,26.1
23222,40471,21.2
16021,35153,24.4
16714,30861,23.9
15511,30873,28.4
17403,29832,25.5
20718,37435,21.5
18782,32517,24.5
23264,41248,20.7
21793,42487,17.5
19087,28259,24.3
16992,35535,22.7
12709,31476,36.2
23608,45755,17.1
23382,49555,23
20792,39954,21.6
17168,44943,22.3
20516,47992,16
22200,35776,19.4
27256,53596,16.7
20833,39200,19.4
16626,36927,30.3
25269,45841,19.2
20910,50027,15.6
17664,37745,26.3
25186,42987,15.8
18840,41595,20.2
35763,72112,12.5
25527,58636,16.6
27347,53684,12.6
23787,43752,20.4
29329,55295,10.9
21579,52158,12.5
38219,78756,10.5
19072,37909,21.8
34884,69297,9
20208,45563,26
22148,43023,18.8
23540,41426,20.4
16763,41807,23.3
27441,44796,12.8
20295,48552,22.9
18429,48133,21
21537,36548,25
19931,53107,16.9
27749,55909,17.8
17847,45625,22.8
56791,90839,7.7
26988,49820,16.1
23306,43469,20
18177,42591,25.4
21200,36212,21
28046,61757,8.5
24775,59168,17
34795,70443,10.1
32346,57353,12
34057,75422,12.4
34886,72725,8.7
29806,45794,15.2
23591,56529,16.2
26739,55064,17.6
25914,66237,11.9
21332,54090,18.7
30668,62962,14.4
48486,75604,13.5
22589,53380,18.2
29954,58697,14.3
45732,88202,7.6
30352,62779,16
41513,91702,10.2
32295,66519,14.6
23670,44651,17.5
24996,39009,19.4
22293,37709,21
28929,67177,13
32835,63356,11.9
21663,49297,20.3
23602,50408,16.7
20439,41924,19.7
22905,36890,19.2
17894,42708,26.2
25943,48426,14.5
32930,76544,11.1
27730,55918,19.1
19244,44902,21.6
24195,56270,14.2
19487,34520,26.5
32595,60651,12.1
29793,48933,9.7
22318,38829,15.2
15081,37340,19.1
38011,67956,14.2
37442,77998,7.1
27182,46504,8
23647,51641,7.2
41716,67259,10.2
17316,34526,19.4
20742,29145,22.2
17187,31477,29.1
25761,32427,14.6
24771,42078,15.5
33251,50313,19.1
22880,37750,14.9
43634,101591,3.9
39497,74456,10.9
36077,82118,6.5
28867,57125,12.4
18954,39943,17.6
26603,57022,11.9
38022,63885,10.8
31684,64664,11.1
27654,52332,17.7
36365,56667,5.1
24058,33298,20.6
25936,43606,8.9
36087,68984,8.6
22482,40813,17.4
21850,44157,13.8
25029,44610,14.3
30151,58080,11.4
30740,58626,14.1
22180,42261,17.8
19703,41910,13.7
22581,40415,17.6
26700,49471,14.7
42255,47083,6.4
24577,53231,11.5
23548,43188,19.3
22897,45718,16
20680,43774,13.3
19078,33848,25.2
33015,64601,5.6
31504,61570,9.1
20720,43011,19.9
51814,72745,10.1
18941,34391,23.3
21940,41777,19.1
27586,60128,14.9
20557,38993,19.2
34873,62002,9.1
20726,34600,24.7
24711,39583,17.1
40827,63594,10.6
21536,40221,18.9
34025,63697,13.7
31075,59040,7
24977,44683,13.1
25468,57180,14.7
22498,44308,8.2
48721,82283,9.1
34698,64967,11.6
37667,71338,6.4
39992,76994,6.4
32523,61996,12.4
33782,66583,8.7
34392,80529,6.5
27893,59333,11.4
45290,65830,18.6
24851,55149,12.9
32406,64537,10.7
26908,52710,13.4
24857,42149,24.9
19852,49236,17.3
24498,47461,14.7
17749,40259,18.2
27009,48039,13.5
28205,51251,14.3
14675,32780,23.5
26286,44378,12.6
23148,39100,16.8
26577,59482,9.8
36439,55843,14.1
19306,38070,19.8
15088,34963,29.6
16851,33981,17.4
26143,48323,16.9
23441,43918,18.1
24497,47233,16.6
19843,38328,20.6
17615,35380,26.5
20180,38406,24.1
16011,34694,24.5
18546,40455,16.4
16295,37716,23.6
15366,37125,29.6
16133,35425,26.7
21411,41024,15.4
20072,35560,20.1
27149,49596,16.8
16845,35511,23.8
30532,44772,15.1
17525,36809,19.9
21184,44170,17.2
18660,39722,20.2
24183,45035,13.8
27348,47439,15.4
26196,46369,23.2
18304,34348,23.7
16266,39681,24.1
15538,33833,22.5
27322,47876,15.1
21992,39453,18.1
34057,49846,13
23174,43100,19.9
33974,53607,13.5
28926,55315,12.6
28600,54684,13.4
17787,34570,26.9
24877,47581,17
19007,43891,17.9
32858,52432,14.5
23736,43888,13.9
29262,45535,14.1
21285,43113,18.2
18377,32497,26.4
26861,57703,12.3
32313,49052,12.2
28675,58175,11.3
36836,64876,9.6
23285,43413,18.4
27504,48493,12
18431,35698,23.6
17045,36356,16.7
13590,42660,19.6
23973,42457,16.8
21797,52691,14.4
25845,43640,17.9
17385,38501,20.1
19643,36786,22.9
15958,30049,32.2
18558,33757,19
17019,27353,31.8
18622,32751,30
20231,41141,16.7
21379,53274,13.7
21022,47197,17.1
14204,28547,38.1
16784,32258,22.5
20982,37550,24.9
20156,36073,23.3
16938,36070,21.9
19409,34419,24
27556,64707,11.7
18587,35840,31.3
16171,31494,33.5
20363,49754,14.5
14868,26986,38.7
22701,51990,15.5
17974,35070,25.9
21227,46147,18.9
21690,47087,13.9
17102,40111,19.7
25093,45794,19.1
20042,48758,11.9
16045,33228,24
29615,67261,9.8
19295,33060,36.7
12982,21192,44.5
17950,40606,24
17815,30345,29.1
33069,63920,12.8
17031,35693,24.3
17025,32484,26.7
30949,69306,8.3
18592,34985,23.1
26757,60813,12.7
20556,41586,20.6
18185,35240,31.2
21690,43205,15.9
27330,53525,15.6
18059,30619,27.1
28810,50856,19
18114,37292,19.8
14510,29012,29
18619,31671,31.2
23626,52691,16.1
17579,28853,31.6
15861,31375,31.3
24824,63030,11.2
18835,35817,20.4
17064,32046,29.4
18998,36788,27.9
19164,34239,23
35344,79977,7.7
20500,40821,21
34582,86569,7.6
18234,34830,18.9
36757,56857,17.6
21317,39140,21.7
17984,37760,21.4
26724,46407,19.2
19177,40926,21
15734,30571,30.1
27828,42565,22.3
25932,60445,13.9
18910,39306,20.8
23645,50853,18.7
12381,25000,30.6
19789,39993,22.8
31482,69223,8
20371,35615,25.4
18964,39909,24.3
25299,60781,11.2
25195,54893,15.2
18207,40771,21.2
23247,53179,15.9
21297,42192,21.7
17684,36296,24.5
14757,26968,31.5
17565,26104,29.4
16807,36722,22.8
24485,51497,16.6
18800,41016,18.9
17264,39452,26.7
18625,34793,24.7
26357,60104,11.2
20791,43832,18.7
20641,35625,26.5
17158,42651,19.2
18897,37365,24.3
20908,43775,18.1
13865,30240,29.4
19939,42549,17.9
17479,33301,20.5
17922,37487,22.2
21484,39068,14.9
18821,37333,21.1
19674,32260,23
15694,32054,26.2
22888,48630,12.9
16460,32702,24.5
25933,47729,15.4
16449,34888,22.4
22856,41339,19.6
21484,50580,15.2
33801,75004,9.3
20493,45729,16.4
24168,61837,11.4
19431,39844,24.6
26686,51383,11.9
20001,39067,20.5
22191,53865,11.2
18336,39208,23.4
17781,41550,15.7
26321,44764,14
14201,31068,26.4
22260,35423,21.5
18094,30023,25.4
20526,37749,25.1
23461,52579,14.7
19037,38425,22.3
18640,34848,27
17641,30521,26
19783,41534,21.5
18557,37898,19.8
13238,23451,30.7
17879,33796,32.3
16993,32424,21.8
14381,25465,30
15280,37587,27.4
17078,27455,28.2
12489,26634,30.5
16836,32628,31.6
19983,34035,26.5
18933,34591,27.9
18716,31189,26.9
20419,36570,16.3
19410,37894,25.8
21443,41161,23.6
17609,28326,22
17952,31234,28.7
22156,40009,17.7
17978,35329,20.5
20865,39963,16.7
22824,52369,13.8
18842,34572,24.3
17884,27796,31.6
17515,33652,25
17270,35830,22.7
19082,35718,22.5
8948,24382,31.3
22059,40670,20.1
19497,40471,20.5
13228,32928,27.8
17120,28983,27.3
17228,36173,21.3
18551,35792,20.2
24635,51250,18.3
30361,72764,9.8
26658,62052,11.2
29517,63512,10.6
25564,47892,9.5
23707,45871,11.3
24926,48831,12.6
21599,39208,15.2
30919,48313,9.5
26624,56669,8.4
24273,45747,17
27149,51826,10.1
28727,61216,7.3
27038,55553,9.9
22899,46951,12.8
25269,52026,9.8
25766,44484,13.4
25430,48361,9.6
25448,43481,11.4
26567,58088,8
27291,44795,13.2
26330,48977,9.7
24139,43971,10.3
23472,43216,13.7
29060,49035,8.9
25074,47494,12.5
25966,49559,14
22748,46548,15.8
35844,73847,6.4
22210,45040,21.2
18845,36326,19.5
26261,54076,8.4
24408,42451,13.8
31790,56136,7.8
26254,51475,10.9
27908,48601,12.5
23391,45542,11.5
24590,43826,12.6
26102,48355,11.1
26930,50520,10.2
26205,45865,13
31164,56827,7
28030,50609,10.3
24510,43589,12.3
25814,50105,10.4
25153,49342,8.6
26184,54583,9.6
22687,46376,17.9
24286,46429,11.6
26746,47897,10.2
25869,43449,14.4
28068,58008,10.9
24493,46467,10.5
24905,50513,11.8
27593,48814,12.4
29592,53424,17.7
26762,55041,8.3
22243,42167,13.2
29127,51812,8.7
22649,42469,15.1
29943,57260,9.7
24272,50583,12.2
21126,43288,17
23683,52152,8
27685,57581,8.9
23788,47967,15.9
25477,54723,9.2
24117,51555,12.1
27101,63076,7
24518,51078,7.1
24557,42025,9
24508,45997,11.8
22868,44281,16.1
25038,51425,14.4
28086,48185,11.3
24653,48659,8.6
23496,43010,13.9
25055,44663,9.2
27942,58888,6.4
25556,44073,14.2
30442,59018,11.8
25847,51304,13.8
25318,50349,12.8
23324,44551,13.1
26350,48093,8.7
28948,52735,13.1
26387,48783,10.8
24324,57227,8.2
25986,50516,20.9
25311,51670,11.5
23793,43804,14.5
23007,44838,16.1
21368,43181,16.5
22699,41425,19.1
29088,62535,7.3
26459,54554,9.8
22127,40024,12.4
24203,41624,15.8
24547,45603,11.4
25062,53122,8.4
23269,45856,15.7
26187,50476,11.5
25827,45205,11
27452,55210,13.1
21555,35434,16.6
21327,43534,15.5
21853,44964,12.9
20198,39049,14.7
18872,47941,15.2
35524,64042,8.3
24324,41056,17
23221,41414,15.2
22657,50872,11.4
19877,37003,16.5
20995,41131,15.7
21830,41154,15.5
17755,42105,20.4
23586,53586,7.8
17801,42039,15.9
20032,33200,14.9
20256,40134,12.5
23965,39541,16.1
20646,42842,16.3
17620,44962,12.2
19475,44520,12.4
20250,44432,18.2
18373,37050,20.8
19168,37349,17.5
19598,52023,13.1
17182,40126,18.3
24685,49002,13.4
22322,41735,20.4
23998,34122,23.3
19910,36000,17.9
16530,42433,16.6
15133,32059,35.8
19597,43266,13.6
24257,46503,11.1
18920,40842,16.1
15945,32175,24.2
19165,43649,20
17684,44212,13.9
20487,38440,17.4
22436,53931,11.7
20588,43886,15
25785,50473,9.5
20380,37453,15
24217,45073,14.4
13619,26972,31.6
23195,48163,14.6
25888,60893,11.3
20555,42194,12.3
26705,48977,11.6
26924,50436,11.9
27118,47985,13.7
22257,45734,14.8
25713,45808,22.3
23915,45145,14.9
24296,47405,12.3
22279,40640,15.6
27802,61720,8.9
21970,37040,22
30183,54548,16.9
25214,46216,14.4
22952,43958,13.9
23696,53375,19
26704,51051,14
23732,52741,10.3
38570,78487,6.9
23368,42133,18.4
20898,39075,11.4
27051,52108,9.1
21523,44722,17
25448,48866,10.5
20394,36273,19.1
22318,45130,13.3
23862,40330,17.2
22307,43502,13.2
28725,64541,9
21960,38417,17.1
23714,43925,13.6
22366,37071,23.6
25902,49389,11.3
27117,52940,10.5
25098,47079,13.7
20527,33479,30.4
24174,52233,6.6
22620,42981,16.5
25467,53954,7.6
29675,50817,9.5
18763,40760,14.1
30082,69530,11.1
23779,50102,16.4
31276,81765,4.8
22093,40667,16.7
38018,77469,9
25709,52640,12.2
14147,40145,13.3
25409,50060,10.7
24952,54614,10.3
21445,47133,13.8
26232,46559,17.6
24658,49590,12.4
27407,53633,14
21887,41010,18.1
25975,51504,11
23199,42260,16.3
22047,43615,16.3
20042,36031,23.1
32341,76145,7.7
30460,62089,14.2
28330,58190,9.8
26620,53136,10.1
31758,68482,5.4
19917,41952,14.1
24337,46809,14.4
23786,46622,12.8
26635,54541,11.3
28438,50712,17.2
19716,42078,18.4
31190,63027,6.2
21344,39845,16.6
20448,38371,17
19867,33717,18.8
27074,54196,14.2
21976,47427,12.4
23621,44070,14.2
26455,48702,13.3
21596,37800,19.1
29974,55449,14.2
23656,48138,15.9
24471,49669,12.3
23069,47188,11.8
26234,50578,17.6
26843,54203,11.1
23350,43472,15.9
28037,56067,9.1
21719,41848,19.5
21225,41400,19.6
24096,47365,12.7
21832,43536,15.8
26325,52832,10.2
22526,43605,14.7
25375,42914,15.6
24525,47667,12
30377,76147,8
23605,43125,15.6
24495,47072,17.5
30926,66639,8.8
20160,46695,18.1
25279,49370,15.3
27359,54165,12.2
23049,48711,11.1
20322,39225,16
37482,67255,7.5
25833,51568,14.6
24531,50542,10.7
21700,41940,16.5
24312,50496,12.2
21474,46430,15.8
21554,48953,13.9
20504,39700,19.6
21416,47165,12.9
27058,56946,9.1
22046,48047,14.1
22827,47247,12.4
20854,37474,22.3
25589,54780,8.3
21109,45693,16.7
18757,37391,23
27185,53961,13.3
23063,45884,11.9
24085,49516,13.5
21226,40168,15.5
24258,49329,11.5
20516,39747,18.6
22235,43980,14
39521,82468,5.1
28111,62981,7.6
23244,50510,13.2
29830,68297,5
20309,40679,17
24071,43590,16.7
22601,46148,12
22568,46501,13
24297,57500,7.7
19236,40235,14.7
21524,43795,13.6
20109,44128,16.7
28575,61231,10.6
21047,42119,14
24881,50859,11.9
19356,47617,16.5
23918,49035,17.8
22852,47538,16.5
22169,42627,15.2
21527,43120,17.3
24124,42334,20.4
21933,45709,15.2
22817,44740,14.6
20475,42023,17.2
23032,40052,25.1
22679,46797,16.8
25781,55354,11.5
25594,50262,11.2
21889,47117,14.2
25443,50377,8.3
18576,38826,17.9
21318,43950,14
20534,43870,13.3
20934,47596,10.9
22245,40680,12.7
28669,62794,10.4
29187,58750,9.9
21641,44764,14
21520,50821,9.7
21592,40904,17.4
22059,47537,9.4
23396,47401,15.4
20481,42898,19
24459,51440,12.9
23641,52991,12.6
23509,44582,17.7
19773,40126,16.9
23975,48080,11.5
19821,43510,17.9
20019,44143,22.2
23691,44246,21.6
25093,52686,9.4
20883,44161,12.7
24378,43540,15.9
22875,42524,15.8
21192,40692,20
21201,45286,15.1
27390,52317,7.1
29927,62351,9
21370,41986,15.1
21114,38350,21.8
24269,48136,10.7
23666,51444,10.8
24613,51914,8.2
20552,40554,17
22139,41713,12.8
21909,45212,17.1
26229,45920,10.6
25800,44981,13.9
19340,39591,19.3
21046,39968,19
27329,56454,8.4
21775,36815,13.1
21245,39529,15.2
19580,39746,18.4
23677,37875,11.2
25385,41129,12.7
24503,45233,14
20467,38534,16.3
27627,51793,9.1
21041,39375,6.4
21519,41878,17.6
20974,37378,20.6
27154,39333,10.1
23895,48890,10.9
22713,46512,12.3
26342,49508,19
24714,46551,12.9
20322,34089,18.5
24291,43085,16.2
22789,45865,6.9
21629,47945,16
19994,51178,15.5
22979,49543,13.1
21408,46908,12.1
26233,44866,10.3
28146,47500,11.2
26370,53213,13
25537,57808,11.2
32650,52847,5.4
22280,38346,16.1
24510,43357,11.2
22820,38313,16.5
23775,50287,12.8
25114,52415,10.4
30440,52375,5.2
24117,54546,9.4
26280,56875,7.7
23134,39884,12.5
38827,74717,6.5
22292,52264,10.1
24026,47466,12.5
23232,44650,12.3
22394,40916,15.3
31694,53021,10.3
27017,63435,10.7
23686,40811,12.8
26224,45519,12.9
25328,41765,12.8
19789,38981,21.1
22269,45830,12
25262,44032,12.2
27462,54167,8.2
21990,51000,9.5
28412,58936,9.5
26911,46667,9.7
21332,39669,19.4
24680,47445,8.3
22378,46607,11.3
24550,47122,11.5
21163,42071,20.7
30223,48800,12.7
22942,46029,9.4
24789,50205,10.6
26313,37925,17.3
26614,58396,9.5
23230,44078,6.3
23772,43059,10
24892,56854,9
26209,46035,11.6
26897,43482,11.5
23382,43798,12.4
25531,39572,12.5
23068,45336,14.9
22948,43962,23.2
23768,42449,18.3
24175,42610,12.8
24683,37111,14.6
24935,47215,17.4
26274,50605,11.3
25603,49865,15.3
19015,50185,19.4
26057,48451,16.7
26841,48674,12.9
21476,38634,16.8
26811,45556,15.4
23240,43292,15.1
21712,46382,4
24950,54494,15.1
22972,47894,13.4
26903,48187,11.2
23095,45714,6.7
24199,54694,6.4
25429,47454,8.4
22621,42515,10.2
23799,53018,9.9
19929,38917,17.8
21774,33839,19.6
18957,39402,23.9
17371,32524,19.1
19086,40008,18.6
24161,52646,11.3
24781,44588,14.4
19745,38873,20.8
16367,30797,28
15091,26228,33.5
29235,67225,9
22893,40933,17.2
24530,40379,19.9
22249,41473,18.3
20918,39196,16.8
14706,24045,32.5
18101,38907,19.6
24308,54836,10.2
18136,35430,25.1
20327,37127,21.4
21490,39677,20.1
26945,54306,13
21500,39049,16.2
19429,40160,29.9
19204,36406,20.3
15603,29934,26.8
19773,38904,20.5
24524,45853,15.4
13542,21883,37.7
16795,27100,24.4
21375,34261,20.8
17697,31593,23.6
22963,46555,15.2
19481,37646,16.1
14040,24246,31.8
16435,29184,27.2
29251,48398,18.9
19304,32495,22.2
17716,30476,28.9
26243,46071,16.6
18602,33582,22.2
19020,43793,20.7
21341,44652,19.1
19829,46159,18
20746,38394,18.6
19115,32399,23.3
17984,34406,21.9
22035,44060,17.9
22686,51189,14.2
24147,48687,15.8
16257,25906,31.3
21424,36048,23.1
17273,33408,26.6
22746,41940,17.7
21923,46016,17.1
19292,34029,18.3
22132,40891,18.8
15880,26156,34.2
27925,46959,16.7
25637,49024,16.9
19445,34090,24.3
27704,54270,13.7
18448,33889,23.1
14367,24038,34.7
19611,39753,16.9
19923,36570,21.8
17960,33525,27
13969,22920,37.2
16424,29293,22.6
17886,31200,25.3
16132,28388,29.1
17420,33651,25.4
19795,40313,16.9
19143,36590,21.2
22123,40112,16.8
21800,42312,21.4
15118,26877,28.6
18865,38719,17
22381,43907,11.6
15525,26261,35.1
23347,41137,19.3
25957,44898,16.2
11818,20972,30.3
19984,38833,18.8
20898,46756,16.9
15942,29108,27.5
24138,45396,16.8
17171,31750,20
16656,29808,25.2
20436,37312,25
16233,30658,28.9
20008,38105,20.4
23545,43833,18.2
20450,43081,16
19005,40830,19.7
33591,83391,6.8
23991,41009,16.2
13611,19986,37.7
23122,45480,15.6
18224,33528,25.3
19351,32961,23.4
15174,26839,31.7
20667,34092,23.3
17641,31786,22.8
16513,30674,25.5
17094,35236,28.6
17107,29721,27.3
27802,61893,12.4
27039,57298,12.4
19441,39546,20.3
26666,65209,7.7
18790,36384,21.7
17846,41541,20.5
25527,45629,16.1
22070,49718,17.2
19464,39125,25.7
23853,44135,19.1
19837,40845,14.2
16396,29497,24.3
20337,41415,14.8
15960,29769,26
14157,22574,40.5
29277,57580,11.6
19910,37587,18.7
18857,38429,16.1
28178,69070,12.3
21743,46116,18.7
18006,33942,22.6
22509,46385,16.8
18958,31543,26.9
27429,53248,14.3
24308,41053,19.5
24355,43499,17.4
22782,39385,20.2
29559,64574,8.7
19970,36165,21.8
17512,32996,29.7
16431,29022,31.8
21547,39162,22.6
27505,48506,19.2
12055,25321,48
22099,47225,17.3
18023,31832,24.5
17752,31214,29.9
19018,39654,17.3
22997,44262,20.7
21177,45368,19.2
19188,37388,20.6
26908,48261,16.5
21132,41622,18.8
28901,51462,16.7
24798,50572,14.1
22481,42528,14.2
20633,35769,30.4
25076,56811,13.3
13585,25498,40.3
16683,28585,26.5
20802,33953,26
26500,37146,27.3
21917,38955,23.2
25748,55138,12.7
23742,45363,17.7
22126,40930,19.9
21443,39346,21.8
18669,36835,21.3
22229,35159,21.7
20316,41353,18.7
26756,58758,12.7
19457,33143,27.4
24930,55443,16.4
21335,50635,16.1
19387,35503,26.8
22164,42186,18.2
21313,41571,21
30363,60799,10.6
21273,40654,21.2
17175,27543,34.3
24114,49960,17.1
19412,35828,27.9
22589,44665,17.1
21396,46572,13.5
17735,31778,25.7
19871,35071,21.9
24838,50926,14.6
17980,33848,25
21720,61616,16.6
16789,34322,22.6
36142,60526,9.3
29294,48450,12.8
28837,55298,12.4
33363,66288,10.1
35167,67311,11.2
29259,53663,12.1
25817,49094,17.7
29460,61227,13
42861,82090,8.1
47331,85478,10.4
44692,84916,6.6
35220,75092,7.6
32835,53540,20.8
31537,65223,11.2
21211,39293,17.4
40415,87430,6.3
34374,66486,8.9
24750,41385,23.8
38260,95477,4.9
25211,58632,14.4
36153,84790,5.6
29518,66689,10.4
37277,93160,7
26388,46361,16.5
36917,84570,6.1
24932,45206,13.9
35425,80622,7.4
48172,109865,4.6
31502,56259,13.2
49038,98221,6.7
32344,73623,9.4
38108,87256,8.1
16748,38447,23.4
36017,85672,7.2
38022,61597,8.6
26532,55609,12.4
25378,51092,17
32887,57952,10.9
24442,44921,15.6
21566,37855,16.3
32880,57461,11.4
22083,41626,15.6
27797,47460,14
25770,46808,13.4
27865,49755,10.8
28070,50181,11.7
21441,40674,14.9
23895,43734,17
21818,36646,18.5
28829,56733,11.1
21513,38642,17.8
22853,42221,16.4
20807,37236,19.5
29125,57348,9.5
22719,37189,15.1
19717,37586,14.8
24140,52061,13.5
21948,38016,17.3
24370,45362,15.4
20039,38874,18.1
17701,41189,13.2
25059,52186,11.7
23799,45376,14.7
24831,47366,13.3
24013,43633,17.5
19947,41856,18.7
22978,42110,17.8
22743,44346,14.5
26947,45949,13.3
23412,38410,17.8
20589,41637,17.7
18148,32668,26.5
28449,60466,11.1
21492,40295,16.8
22471,42676,16.4
24611,44136,12.7
26582,54115,10.8
29718,50929,10.9
22380,42089,21
20368,37626,21.4
20330,34252,20.3
27660,51766,11.7
18836,40359,19.1
20379,41759,19.7
19783,35430,23
22120,40204,15.8
24754,45321,21.9
20206,47892,15.8
22047,36236,19
21499,34685,14.2
19061,36372,31.5
22613,46615,17
25757,45775,19.1
20258,40140,16.3
25889,51667,15.5
24802,39038,15.8
16202,29379,27.9
23907,52939,11
31462,55018,11.2
22395,47766,14.1
32129,72359,6.2
18768,39469,18.6
22622,38704,15.3
26748,53451,12.5
22702,41551,16.9
23789,45622,15.7
23183,41136,16.2
19336,39470,22.9
22331,41739,13.6
29536,53076,13.4
20305,41061,15.1
25939,53972,12.3
18969,40451,18.6
19661,35261,18.1
20621,40979,19.9
20623,42571,18.6
36458,65594,10.3
18986,40023,19.9
19634,34619,21.5
21585,34620,13.8
18099,37788,21.7
18057,33239,20.2
24312,47584,13.5
25371,56453,11.2
22788,39652,12.9
23023,33334,22.2
22349,42331,19.2
20713,40478,16.8
20892,35260,20.7
22713,46217,15.3
24357,48066,14.9
20570,44051,17.6
20767,43039,15.7
21732,45129,19.4
33231,59055,15.4
22308,41184,24.5
20573,40965,18.6
24939,41617,12.1
30647,70380,7.4
25455,50214,12.9
21622,43231,21.9
24453,52200,14.5
26019,46313,12.4
25380,49935,19.2
26576,48256,9.4
24434,53016,12.5
37457,83773,5
25287,45045,16.4
25993,49434,10.6
27914,67157,7.5
24550,52410,12.3
22157,43269,16.5
32868,52215,8.3
23456,45294,13.7
26527,47058,12.9
34828,73732,7.6
29107,69301,7.4
27716,50905,10.8
25065,44264,12.8
25249,50657,12.1
25668,44683,11
29932,56836,9.9
26665,50030,10.1
37485,64403,12.8
26450,52545,10.9
24880,45961,13.2
25482,57353,8
24079,46912,12.5
27361,51681,11.7
22291,47068,13.5
26880,50149,13.6
26927,48875,9.8
26045,41108,14.1
28014,48468,8
27883,46939,13.6
21903,44069,7.9
27793,58922,8.8
26767,47861,8.7
26028,49594,14.4
19517,40282,26.2
26834,52198,7.9
26472,48530,10.7
26824,55170,8.5
25665,53904,10.2
22891,47862,13.9
23753,47649,12.6
24990,46004,16.3
27450,52160,10.6
26674,60115,10.6
22598,48208,16
23707,45389,13.1
34073,66252,8
26400,48961,11.7
24554,45633,10.9
21413,43928,14.8
24137,46019,10.7
25790,50695,12.6
29128,52350,9.2
29484,54247,16.9
23257,47569,11.9
25649,47447,10
26062,50802,11.6
25370,59915,11.6
24101,46623,13.1
25650,50759,9.7
35467,86112,5.5
28071,73098,7.8
25789,54017,11.8
25946,46517,16.4
26065,54551,13.1
27259,56480,10.3
28746,54206,15.4
25750,48026,9.8
22383,45000,15.7
28030,45714,9
28282,53057,8.3
20329,36928,16.9
25723,53657,9.4
36706,81540,5.7
25635,49698,10.8
25148,50507,9.2
23421,47468,15
29623,71598,6.5
25303,52510,12.2
19258,34733,23.7
25302,54336,8.2
24748,44426,11.6
19687,43013,17
19489,38710,19.1
20678,40580,18.7
21047,38579,18.6
19717,32951,20.1
19470,37716,19.9
26895,48627,20
21961,44363,17
19246,34969,21.2
21482,41169,14.3
23171,47964,13
23038,43458,16.1
23751,46516,15.8
24073,46002,13.6
18245,30962,21.9
27463,60350,8.9
16362,30302,23.3
19481,39385,16.5
25134,52838,10.6
20279,40204,17.6
29406,60936,9
25100,53826,10.2
26160,53931,13.3
22910,45992,17.8
18415,35897,21.1
20034,35483,20.6
18155,40120,22.8
19890,42393,14.7
16635,44092,9.9
18544,36311,20.9
16404,32130,22.6
17990,31304,25.6
24742,48857,12.5
21830,41392,14.8
20534,39192,17.2
23520,40337,18.7
19527,37964,15.8
19468,37739,16.3
22394,39839,18.1
17361,29325,21.6
24127,42979,12.3
21598,42747,18.2
17416,32533,23.8
19101,36387,23.7
26062,47015,17.4
21124,40399,18.4
24792,54845,11.3
21547,47223,17.6
20946,34481,26.3
19553,39013,19.7
23637,50527,9.5
19060,39334,18.6
19317,42071,15
22063,52835,13.6
21015,38250,15.1
21011,40116,17.8
20054,38443,16.2
17316,35870,21.4
22026,42566,16.7
21909,42046,16.2
17505,37997,21.8
20178,40272,20.3
19385,35507,20.9
15558,29787,26.9
19451,47118,11.4
20331,40657,14.7
20991,40236,17.5
17935,34797,23.4
21215,35793,21.7
22341,42268,15
18079,36641,28.4
16331,27743,27.7
22629,51408,8.7
17215,32078,20
16881,28889,29.3
23435,47876,12
19709,38580,18.4
21173,41964,18.1
18650,39850,15.1
35143,67721,7.4
19511,39512,23.6
20863,49820,12.8
19397,36713,18.8
23299,47969,9.9
17587,37203,19.4
24549,52698,11.6
18449,34496,24.4
16408,32291,24.6
19006,39519,18.6
18160,34688,24
20363,39028,18.2
20825,40651,19.1
16862,31132,25.2
19331,35938,18.4
31586,71077,5.8
17337,31539,21.8
18544,37238,19.4
34795,58910,10.9
23048,34582,27.4
22921,48433,11.9
22967,37965,15
21733,40850,17.1
19279,36676,17
20231,38461,18.8
17868,36082,21.4
19734,38679,21
24692,50830,13.4
17703,34702,23.4
18970,33159,21.9
19955,44596,18.9
22967,39348,13.2
14752,28645,27.5
17544,27381,28.4
19145,33600,20.8
16977,30750,25.7
18422,31641,27.7
18597,31060,24.1
16462,28599,34.3
17034,30000,23.7
16897,31039,24.4
16677,31061,25.3
17145,29876,24.1
12177,23689,33.1
18066,31362,23.4
18273,30764,26.4
15742,26407,38.2
18318,35421,26.3
17241,33381,29.9
25176,58505,9.8
19736,36726,27.6
24234,32372,23
20217,43958,18.6
14463,36888,18.2
21084,34129,21.9
22621,44522,18.7
22677,43124,19.9
20448,37626,25.3
12113,22325,43.5
12874,23600,44.9
13731,24767,32.5
18106,36073,15.7
23879,48943,15.9
18075,31170,22.1
12723,26028,40
16216,27186,27
19519,38074,23
13795,29003,33.3
21388,43328,25.6
26345,51154,17.4
21346,36203,24.1
20655,38393,18.8
16780,32521,27.7
21799,42074,18.3
14307,24480,40.4
19566,36498,23.5
20951,37868,25.4
33170,59904,12.7
18126,29400,28.2
17978,36022,22.2
18167,36308,21.6
15523,30466,31.1
18693,37050,24.1
18864,39190,18.6
12780,24338,34.6
20202,30987,33.7
18073,35715,25.3
20549,42510,22.2
17183,36124,21
18183,34841,27.5
18576,39899,14
16589,32503,24.2
13954,22863,40.7
26897,57380,11.5
16789,34534,24.7
15744,35125,31.2
18314,38362,22.6
20334,34753,23.6
18576,42963,18
12588,26619,36.1
12747,29853,30.2
20431,41494,18.5
18493,34636,25.5
18338,32592,17.6
15549,31446,30.3
19273,38373,23.5
16850,31090,25.3
22362,41025,24.4
16671,28093,37.3
18928,29925,28.4
18728,33524,24.9
18717,33618,27.8
18501,30821,29.8
18750,32930,22.2
14291,26336,35.5
22872,41614,15.1
15695,39966,25.5
17437,37151,28.8
24270,45932,10.5
27599,47831,11.1
24921,39659,13.7
24727,44963,14.9
21737,40070,21.7
23910,43524,13.3
31449,46100,10.1
26126,50405,16
22052,38958,20.5
28563,51164,5.9
24429,38344,13.8
25790,46581,14.2
28939,52833,14.1
25921,45096,10.5
15604,33519,33.7
23508,39313,20.7
26277,45236,15.1
21376,43726,18.9
30397,60863,7.8
24260,41932,12.4
21521,38019,22.4
28400,56243,10.4
25522,44493,21
21719,33333,17.9
33062,47762,8.7
27161,46667,7.4
20288,38182,13.6
19859,33033,18.4
25764,46117,16.5
23022,43409,13
24611,42426,12.3
22714,41705,11.1
22890,42632,14
22256,41277,17.5
28528,46250,9.2
19736,40802,15.3
20644,38036,21.5
22872,38688,16.8
32036,58112,14.2
16888,36920,26.6
22229,48789,17.3
19188,32881,22
31378,48667,11.8
23562,38659,19.1
28868,57906,7.8
22743,45938,13.5
22799,43327,15.1
23162,46972,16.3
23948,37105,11.3
25685,47181,13.5
17336,31867,11.2
27492,41875,13.3
27761,51342,12.3
23166,43043,18.3
20440,40637,17.2
19510,35170,19.8
16752,33870,24.2
20838,35951,21.1
21598,36969,18
21636,40429,21
17096,30768,23.4
19154,30164,25.8
26839,46438,16.6
26159,44713,17.1
19701,37263,20
25247,53551,13.2
19228,34357,19.5
25620,56607,6
27496,46534,14.4
17975,35315,22.6
23232,44332,15.2
31175,57091,12.4
18340,34432,17.9
19240,34420,29
22081,38828,24.3
20062,38989,19.3
19275,35761,25
24260,47141,16.6
23067,45231,17
25854,57159,9.8
30529,55481,8.8
22549,43083,16.3
26319,50139,13.4
17122,34433,26.3
29347,51853,18.5
16971,33960,25.2
26541,45724,18.6
21399,41696,16.1
22658,42017,17.9
21187,46592,19.6
19780,33903,21.1
22295,49852,15.4
18441,40853,23.3
26461,45431,18.1
17937,32329,27.4
20310,44625,17.2
24536,41557,16.6
25670,44815,14.1
17863,33406,26
18761,45489,22.9
18408,42279,25.6
26467,50329,13.8
21014,36951,21.8
22410,49711,17.2
20105,36213,16.7
21449,44819,18.9
19760,35770,23.7
25550,48940,15.6
23213,37892,21.3
19902,38598,17.3
18783,35111,23.2
18932,35297,21.9
32482,55444,15.4
21404,37680,18.3
18865,31830,25.6
28913,49544,15.6
22880,43084,17
29679,49835,16.9
17919,31433,26.3
21084,45450,15.2
34465,55569,17.8
23724,43853,13.8
22745,46053,18.4
23526,44524,19.3
23809,43709,20.2
21292,42317,18
23029,40718,24.3
24611,44745,16.7
20523,41208,17.8
17236,32384,25.9
15343,29806,31.7
21102,38567,17.9
20912,41495,18.8
19551,36334,21.5
19479,36496,22.8
15679,29592,32.3
20504,42518,16.1
21311,42703,15.8
20219,35641,19.9
19626,36094,27.2
23757,41781,14.3
16658,34216,20.8
28894,65892,9.4
17905,34987,28
33166,66006,11
19052,34285,26.2
18779,34936,23.7
21854,34293,31.3
21557,41731,22.1
19029,33159,22.7
20972,39204,23.2
22726,40371,18.5
20257,38579,20.1
31502,47798,9.9
31721,50274,9.3
18162,36491,35.8
37972,57083,8.4
31969,51667,11
32045,56964,8.2
32908,53693,12.4
32876,61811,8.2
30529,52590,13
32028,55904,4.9
24644,47359,9.7
36303,55057,8.4
33788,60500,10.1
27323,44250,13.8
27690,38477,14.9
33063,50677,11.1
26113,36100,12.4
27026,46745,16
28129,41694,14.2
27197,45542,7
27910,47743,10.7
28904,50000,10.4
31989,53691,8.7
27887,49076,10.1
28331,45343,14.2
25427,36066,13.8
33078,64866,13.8
30992,53565,10.9
31767,66534,7.3
29389,60065,8.5
33803,68722,12.3
30432,49839,7.7
32253,71250,7.4
27817,49846,8.7
23491,42975,14.3
28081,48604,12.1
26137,49788,9.5
31178,60847,7
27713,53759,11.8
15502,31336,36
29950,53381,7.4
29219,43250,13.7
15478,36111,40.5
30586,61667,8.9
31412,62559,7.6
31455,55735,6.2
27351,50120,12
33357,55521,7.5
27098,48767,10.7
29072,48592,10.6
28557,56580,9.1
29301,44132,8.9
38738,76210,8.6
25571,49440,12.8
25186,43518,11
17656,40568,6.9
25814,36875,15.4
19141,42917,17.7
25590,45246,9.7
25046,46373,23.9
23157,41279,10.5
21843,33647,15.6
24830,50963,13.6
25203,46817,9.7
27673,50247,9.4
29638,64697,6.4
25738,48038,10.1
28241,45610,12.8
25213,45464,13
28296,51529,14
23876,46784,9
23751,51765,15.5
24496,47500,11.6
24615,44873,9.6
20179,47069,16.9
21137,40359,19.3
20142,46078,14.8
27199,44922,13.5
23769,47325,11.2
24588,48626,10.7
29180,53325,14.3
28502,47431,8.1
25460,48464,8.8
26095,43011,12.9
25262,50227,12
22068,39603,16.2
24555,47654,11.7
26715,39400,9.4
22092,41892,13
23266,45893,8
19968,44167,18.8
23833,44950,12.1
23380,48712,13.7
26715,56065,10.1
25322,45920,12.1
23749,49125,5.9
23554,39702,15.5
24120,44427,10.2
20737,39327,12.8
26770,49088,10.3
24777,44843,13.6
19435,42364,13.7
27796,56466,4.9
25097,41970,11.2
25251,36923,15.5
24565,42180,13
25214,42230,14
27141,51574,15.2
26188,48158,11.4
22799,44417,12.1
21499,38125,25.8
24593,46566,14.2
25339,54926,13.6
24639,50859,12.6
22543,43886,13.8
23684,44286,12.6
25269,42672,10.4
22448,37594,11.1
25855,50881,10.5
25426,37321,21.5
27931,58625,5.8
26856,50000,9.1
24830,51924,5.6
24219,51213,10.7
27639,52848,8.3
23320,42345,12.7
23566,38582,17.2
24501,43500,10
20407,44109,16.8
30189,69965,6.6
30039,59870,8
23220,43444,13.7
28359,59435,8.8
22551,38548,16
24837,41835,13.5
31517,42014,9.3
23131,51493,8.5
26965,44422,13.4
30116,55089,7.7
17106,41400,26.9
23227,40445,15.2
29328,65409,7.7
24448,52147,15
21423,41045,15.5
25898,38807,16
28207,49633,8.9
30518,58654,9.9
31558,50866,10.1
27874,55155,11.4
24367,41985,13.4
30738,54912,11.2
34390,69829,8.6
31310,65353,8.7
38399,77348,5.5
29369,58825,10.5
28582,54463,9.9
27391,54235,14.4
43347,83794,7.2
36835,78446,5.5
30592,61683,13
32948,56494,10.1
22524,50750,17.5
32181,55095,16.6
32600,74524,8.1
32641,58442,16.8
50349,106143,4
37465,73480,11.2
34345,79596,8.5
42749,84526,7
48814,98633,4.4
30477,61136,10.4
27152,57654,16.3
28772,59718,12.4
47803,99020,5
37949,87335,5.7
35089,68507,10.8
33555,70912,7.8
26814,48801,18
20616,39826,19.7
19492,39131,21.3
16129,37237,27.6
21387,37734,17.7
21259,39871,18.9
24879,37660,23.5
19565,37933,27
28438,49165,12.5
22755,37899,20.2
14198,29071,17.5
25686,34063,16.7
18392,34080,24.3
22484,50694,15
25449,43014,14.7
51044,106686,4.4
16114,29282,29.7
12679,30458,35
20543,28481,19.7
19880,39263,21.8
17936,30802,21.4
20014,40250,21.2
17477,38764,25.4
26924,58017,14.2
21260,48196,22.4
17926,28275,29.4
32298,52917,17
17752,27430,22.6
18104,34036,25.1
21333,32637,25.3
18675,31161,28.6
18472,38902,11.9
19623,42506,23.6
26264,51957,16.2
24716,49830,15
26217,52873,15.1
34123,60100,10.2
28358,70238,8.8
20862,30284,22.3
28056,64632,13.9
26515,59472,12.3
29800,72742,9.3
22879,40143,17.3
21757,46137,15
23146,35017,20.5
21838,39876,18.9
18203,52101,18
33472,61573,11
28670,53040,15.1
24435,48586,12.9
32328,59394,13
20978,42445,16.5
18171,34388,29.8
24835,45958,17.4
22049,42603,17.9
24702,51581,12.7
22168,42429,19.1
25329,48804,15.7
22097,43941,15.5
24676,50282,14.5
33613,57336,9.8
23179,47151,14.7
23677,44470,14.2
33594,72525,9
27978,50653,14.6
26582,47380,11.9
21575,45667,19.2
23839,44276,16.1
25403,49922,12.6
25700,49655,15.1
28265,51522,9.4
23418,45047,15
23078,46484,15.4
25289,46085,23.2
22942,46840,13.5
23978,53518,13.4
25230,53589,11.3
28732,52394,15
23417,44156,18.7
42400,97690,6
62498,69659,17.7
25991,47955,13.7
25103,48729,15.9
28746,54242,14.8
29904,56479,9.5
30583,70458,12.4
22255,48502,13.4
23126,48051,17.4
24165,47765,15.5
40309,95117,5.8
26495,57001,15
29987,59432,13.2
31823,72569,11.9
34591,84951,13.6
35176,69826,6.5
28319,56061,12.7
26584,53245,11.5
24173,46976,11.5
23115,47618,12.3
22198,43647,19.6
25371,47476,15.5
36945,87763,6.4
24963,48089,18.2
27230,55726,9.3
27418,51393,20.5
30442,58590,12.5
30351,55904,10.9
24168,52361,13.2
25327,52601,11.3
47984,81946,9.5
22700,51100,10.5
24457,49335,15.9
18235,35678,22.7
22295,42823,18.6
21940,46548,16.3
20011,40516,18.7
17019,33823,31.7
25323,52239,8.8
22380,41534,14.6
21206,44341,14.1
26813,56610,13.6
21783,43779,15.5
23358,49157,13.4
22780,43136,18.6
28761,60365,10.2
22026,46048,16.5
21575,42300,16.9
20526,41274,16.9
21478,40783,16.6
27423,43804,18.3
22511,43425,13.7
22739,47593,13.9
40189,89757,4.9
26135,46498,13.3
27031,58786,11.9
20603,37619,20.1
28283,50877,18.1
24771,52856,11.4
21168,39226,17.7
34455,67663,8.1
30040,58080,13.9
20537,38841,20.3
29681,48593,18
26139,49589,14
19626,40415,18.1
21029,39002,18.4
23347,49439,13.5
19348,39091,19.5
21037,42089,15.9
17177,45477,15.8
22257,49404,13.5
19405,36356,24.6
22324,40577,16.6
23878,49750,14.2
29132,56018,9.2
21365,41552,18.3
26716,55114,12
22878,47542,15.9
26030,51816,14.6
23885,41556,20.8
24014,54956,11
23975,41058,17.6
20624,42572,18.5
30707,65951,7.4
18816,35469,21.9
24157,52535,9.4
25369,52040,13
21487,40573,19
24997,43401,17.7
21027,37865,20.2
22228,51484,13.6
20775,40524,18.1
18853,38290,15.2
27979,53202,11
22714,44861,13.7
19372,41446,19.6
23851,54003,13.3
20071,42165,23.5
25332,52697,16.1
23374,48405,12.2
25481,61192,6.9
21932,41835,15.7
21310,43264,19.7
22799,46140,14.3
19437,35379,23.3
22075,43764,15.5
24028,50427,11.4
24453,45641,15
27818,49669,15.4
22568,42880,17.4
21966,43739,14.6
28852,65086,7.8
22790,45355,12.5
18101,36705,20.6
33172,72487,6.3
23496,42834,15.3
23061,49135,12.4
21350,43089,13.7
26326,52069,14.7
22382,44448,11.1
15116,32556,26.4
22488,44811,12.8
17842,37012,21.8
26109,51422,9.9
23959,48989,15.1
20242,44206,15
20524,38897,18.4
17858,39267,20.6
27552,63629,7
21476,41401,16.3
18582,37260,22.8
17739,30201,27.1
23514,38301,20
26920,54989,12.9
19752,34867,21.6
22363,46036,17.3
21452,46317,14.7
19820,39236,17.8
22327,43026,14.7
23261,44972,19.1
21109,36588,21.2
24860,46488,14.2
27183,47344,16
24177,44530,13.9
21285,38245,19.1
23500,49637,13.9
27469,46625,8.8
17969,39900,9.9
18582,26688,28.8
22675,46117,14.9
18896,35334,17.4
18268,34619,21.1
22925,42824,16.5
19042,34701,20.7
19967,36192,22.1
22207,41012,18.2
25773,54666,8.3
23576,36281,22.6
22603,40970,16.8
18141,36542,22.2
21888,42668,15.9
25620,53591,13.1
19910,43260,16.6
27168,49905,12.6
19583,37319,17.3
20585,42751,19.7
25293,54426,11.6
17615,31790,26.1
19100,36096,20.7
21870,44151,14.5
19868,38502,22.9
21947,44842,14.1
19256,39430,16.6
16528,35170,28.4
26561,45215,18.5
19753,39156,19.5
22353,44195,14.5
18331,36473,22
21220,44375,14.1
20868,36812,25.7
21966,41252,18.5
22381,41881,18.8
20937,42764,18.6
18542,29897,26.5
27326,53885,13.2
27365,58525,9.3
18321,33819,22.9
18131,35742,21.4
23038,43885,14.6
22064,49901,12.8
18035,36354,20.2
27676,48181,15.9
24874,55723,11.2
27053,48687,14.8
23811,46686,16.3
26022,51619,15.4
24922,51867,15.2
23234,41500,18
26738,48604,22.5
32781,64352,9.8
25680,44683,16.5
26271,54968,13.6
22239,37940,17.8
20883,38795,19.5
23972,39516,15
27524,50209,14.5
21870,40524,18.7
25320,44743,11.8
23828,35051,17.3
20865,38113,18.6
25181,56725,11.6
24378,44005,17.2
21593,43373,19.8
21791,37733,20.2
21489,39627,18.9
22056,33611,20.1
24224,42931,20
25194,42365,16
21500,46939,17.8
16352,35578,27.4
22001,46885,18.6
20663,49940,18
30475,52511,17.8
24426,52808,16.5
24314,42639,22.1
22452,43676,16.1
20836,48389,16.5
22684,42542,18.6
23131,41994,13.4
22844,43765,18.2
31078,64180,11.4
24575,37974,15.6
24290,54535,14.6
27284,59492,8.7
31593,51366,12.9
23661,45241,13
26258,49217,12.2
22259,43290,12.6
26723,55170,13.9
23875,42992,14.1
23667,46963,13.3
37466,76555,5.4
30957,58230,9.3
22659,41730,14.9
22747,41410,13.1
24861,48900,11.6
25545,50336,20.5
42210,86050,6.9
21902,42389,18.3
21273,41030,14.5
21875,42184,16.1
23681,44807,16.6
21741,42504,15.9
31791,60826,8.3
29234,54066,13.3
33179,64041,10.3
23738,45767,10.4
24189,45202,16.9
20884,39115,18.4
13646,36556,16.3
25741,52637,11
23201,48461,11.1
21819,44388,14.7
20739,44183,12.7
22933,43997,17.7
21300,41262,15.3
21628,46163,11.8
25594,46044,13.6
26496,56483,10.5
22906,43546,14.4
27074,54818,10.7
27923,54923,13.7
24793,44402,15.6
22987,45430,14.2
22426,41834,16.6
22831,44301,13.5
20794,40384,15.3
25494,57408,12
41472,79183,6.1
29600,51482,10
29266,60097,9.7
22478,41208,14.2
26048,57375,9.7
22279,37192,26.5
27691,59340,9.1
22564,41547,15.1
23021,45012,12.8
23088,46513,11.9
22192,43597,12.4
22923,40964,13.9
24477,48231,12.9
22621,44187,15.3
22259,48528,12.3
22060,41977,16
24179,43764,12.6
28433,53693,10.5
24005,49313,12.2
28051,50736,10.2
24195,48482,12.1
28132,58745,10.1
38893,71238,6.4
33814,62279,8.7
40293,71713,8.3
26308,49297,17.1
37023,72138,8.9
18134,35947,21.6
24769,44509,18.9
13334,25252,36
22081,41579,16.8
18902,31483,27.6
18862,35231,29.1
32503,57316,12.5
24165,52427,14.4
23023,40704,18.2
30158,50792,18.2
18240,34202,23
18098,33103,24.5
17140,31252,26.8
17665,31410,24.9
18769,33233,20.6
20105,36323,24
14988,28817,31.5
24495,53857,12.1
20753,43861,19.9
20257,36120,22.7
22432,41910,19.8
24437,40131,21.2
26643,49022,15.8
21053,36540,23.1
19332,34233,25.2
24002,42431,18.6
17350,36413,23.7
22638,43765,16.7
21003,42217,21
19153,37383,20.6
14740,27373,28
26886,54061,13.2
16531,29149,27.4
14577,28297,30.7
22150,40028,17.2
21591,41718,17.2
23904,41394,19.1
17687,34110,23.7
21182,41788,18.9
25763,48359,17.2
19725,38514,21.5
21889,42919,17.9
20340,41366,17.9
19037,32556,20.1
14845,25849,30.8
26553,53740,13.4
23504,46667,6.5
24025,42196,20.4
16275,37607,39.3
20941,40980,14.7
23105,46896,17.8
27138,51398,8.8
21928,45284,13.2
11405,30962,35.6
21744,41332,10.2
24152,35729,14.2
19030,40102,23.6
27878,49055,14.9
20595,38173,24.5
25582,47214,11.1
14262,30880,44.2
28356,50074,10.3
24597,48341,12.2
23126,39761,20.8
27525,51632,4.7
15558,30710,33.3
28323,49200,12
25775,49831,12.5
23624,37667,17.4
23069,41453,13.3
24554,48896,11.4
23041,36719,19.2
25754,47198,14.9
25233,55563,7.2
26027,47679,12.4
23197,55815,15.8
22247,44353,17.6
30284,59338,11.4
26110,42451,13.2
26195,47813,8.1
20319,46224,22.3
26590,46591,12.2
23377,44808,14.4
27485,51373,9.2
27015,48936,16.3
27498,43273,14.4
34839,74751,4.5
20586,47596,17
24205,46597,18.6
26505,52703,7.8
22596,37240,19.9
25375,49324,11
15760,35109,36.6
31288,48477,9.5
26380,52345,10.9
27682,51791,11.9
8768,25648,53.2
27000,50833,13.5
25751,38362,14.1
26180,44556,13.1
22670,47191,19.6
25823,48384,12
27757,48911,13.2
30933,54620,10.2
30218,54524,5.8
10575,31934,44.6
23270,39324,20.6
25406,51925,9.1
36167,63468,4.4
25915,41826,10.9
27268,52578,13.4
12339,32708,42.3
24561,43620,18.2
19303,40759,20
18456,33033,22.1
15747,33443,22.4
23788,45991,13.7
21649,41083,19.8
16812,31943,23.8
20566,40689,17.8
18330,35049,20.1
19018,31842,22.9
23459,52446,13.8
18817,41875,19.9
18583,33229,22.9
16867,29727,20.6
17476,30573,26.1
20357,37618,20.9
18664,36066,18.9
21141,37188,17.6
28467,47335,18.5
25368,36258,22.6
21606,37482,19
21547,44318,15.4
21208,38953,17.8
28201,56618,14
16454,29192,25.7
22398,42904,15.1
20402,38343,18.7
19998,38495,19.5
17933,32364,20.4
19801,35545,22
15683,26814,29.7
21261,39596,19.2
27229,46702,16.6
14326,23892,30.8
14975,30973,24.6
20127,33622,22.6
20662,37357,16.2
18714,34542,21.1
20449,38280,18.8
22239,36950,19.2
18383,39581,17.4
18539,35271,23.5
22183,42846,13.9
18387,33386,22.1
20619,39745,18.3
16470,29609,26.4
28136,47694,14.6
12042,27115,31.7
15758,32326,26
19136,37368,18.1
17751,34397,19.9
21811,41571,16.3
27045,51074,16.1
17009,35306,21.2
23283,41617,20
21399,41268,18.2
20739,42291,16.2
22766,45336,15.4
19744,39410,18.3
18428,33452,22.6
19403,35150,20.7
19643,37595,19.6
22380,49617,16.4
23307,46170,13.2
17747,37631,20.8
20900,39467,17.9
18347,34604,22.4
17214,32845,21.1
21942,35184,19.2
20274,39074,17.3
20517,33709,26.5
18952,36741,22.6
23936,42223,15
23809,52792,13
25077,55401,13
17121,28401,28.3
20899,36434,17.4
22242,43649,14.5
25549,46250,20.8
21153,42383,19.4
21701,39781,20
23850,39479,18.3
27795,55509,10.4
23054,52423,13.4
20491,43034,13.6
20152,32292,21.7
17426,34399,23.6
19450,33547,22.5
19531,34641,21.5
25355,42075,18.3
17706,33198,20.2
19547,35273,20.9
18205,34474,19.9
41292,89779,5.7
27864,60390,10.2
18495,40653,20.3
27429,57825,12.5
20982,41354,19.3
26953,42476,19.6
27800,56452,11.3
26823,61635,11.1
20193,47543,16.4
25884,53265,10.1
18676,46139,13
25364,49215,15.3
23342,51750,16.5
28021,33445,15.4
16848,43690,22.2
22857,50060,15.3
24253,50112,17.6
26781,49487,9.3
50042,71607,0.9
23992,44742,14.7
22911,42346,19.7
29081,67603,11.2
21720,38310,29.8
27796,40477,12.4
20697,36250,18.6
14345,21865,38.3
21236,39776,18.4
21529,45651,15
24998,48115,16.3
19673,44152,18.7
23381,47027,17.6
22855,44902,15.2
14710,33179,34.8
19176,37079,21.8
26827,65026,7.2
20104,35598,20.9
19708,36402,24.1
30140,72489,9.7
18801,38378,24.5
20248,47532,15.9
25867,53776,10.3
17371,38650,15.1
26407,40795,11
18967,31373,27.6
37839,82762,7.8
22847,41576,20.4
24348,45146,16.6
32980,65839,10.2
19268,36020,26.4
19976,51411,16.5
25186,50067,14.8
19357,49819,13.4
21089,34639,15.4
22291,50417,13.8
23872,50475,16.7
18959,38187,26.5
16227,37105,25.2
19752,40895,18.1
26816,49481,19.1
17677,39714,21.9
17532,41444,18.9
20150,40375,17.9
33855,74155,8.7
23720,46454,13.5
20578,38401,18.8
17516,36681,26.5
21904,42411,16.7
20181,34131,19.7
21125,34914,19
24247,51466,15.9
22015,43839,18.4
25662,61952,11.9
18379,40157,23.3
21670,39586,22.3
16486,32908,20.9
20337,44355,17.2
27032,48015,11.6
22709,42125,17.1
21655,42279,20.3
20202,33750,15.4
34084,85297,8.4
28189,45523,14.4
22876,44502,15.6
15863,35849,24
21572,52910,16.8
30926,61877,13.3
16175,47540,15.5
30117,53668,12
31135,69107,4.2
30031,50923,14.7
20288,39248,21.9
21738,43504,14.6
24003,46429,15.7
24064,45525,17.6
20307,43994,19.1
26184,61958,9.7
18004,41191,22.3
19004,33006,23.8
23067,40655,12.6
23969,49150,17
19829,36377,26.6
25559,53013,10.9
27899,53137,18.5
23236,45675,16
24566,65750,8.6
22223,36857,18.9
26873,58651,17
29544,56379,11.7
21995,40900,18.9
14222,34146,34.8
21182,40769,17
21984,50565,15.7
30046,55754,12.1
21606,43657,19.3
19090,33119,19.7
19965,45612,15.3
14142,22545,44.1
22341,44858,19.9
23383,44731,15.8
28055,50357,8.7
24325,49038,16.7
23418,49528,12.7
20254,40417,17.8
26958,49056,7.4
23236,42568,21
19212,36121,14
20452,40585,21.7
24816,57535,12
14827,41297,18.5
19899,42862,23.3
24954,61194,13.3
35827,73410,9.3
15157,43438,32.8
24839,46875,8.6
26334,43601,14.9
27502,43424,19.5
29836,65000,5.9
16700,33257,25.7
18918,40566,24.5
19396,34295,20.8
21468,40104,19.1
18744,36727,22.1
23423,49277,16.9
13307,26756,21.7
24299,44149,8.3
25123,51534,12.4
24170,44452,17.7
19740,47228,18.4
19352,38823,21.5
29017,57978,10.9
21016,42829,17.1
33634,44094,14.1
34068,68750,12
23773,44397,20.4
21639,44375,20.2
15131,41732,25.2
20337,31967,23.2
20859,42607,15.8
27504,46865,13.6
23389,43096,21.1
13668,31395,30.5
20677,39194,16.6
21660,41922,22
27375,39500,19.2
22413,55326,17.7
18253,31215,23.5
33672,62993,10.4
21248,37391,19.2
22651,44213,13.1
15936,42045,11.7
24699,44231,15.6
32911,67766,12.4
19770,51181,15.4
20045,37849,20.6
18828,35845,25.5
20362,36777,25.7
20327,40795,21.1
20431,37246,16.1
19002,36806,18.5
23671,47057,18.4
23382,49964,17.3
22519,48929,14.2
24736,49507,14.4
23655,41670,18.5
26525,52453,12.7
30692,64515,10.9
19304,44943,21.3
20245,47019,16.7
19498,37855,20.2
19861,37951,23.1
16175,29634,24.8
21946,44478,13.6
29124,58529,10.3
26633,61250,9.5
17931,33885,20.2
19014,31712,16.1
15467,40571,21.9
23174,44548,16.2
36172,67321,3
21709,40601,20.7
34617,86119,5.9
20235,37667,21.9
21640,45752,17.8
18762,32963,25.8
18695,28390,26.4
24733,46107,20.1
23373,50657,17
18009,37743,15.2
24787,50648,22.8
22860,47513,15.7
25436,47277,16.1
21126,37081,22.1
21936,48185,13.7
25626,47432,16.7
28134,55269,9.3
11584,24927,39.2
20535,41728,18.8
20157,50543,15.1
24063,42429,16.6
27721,53806,7.3
17880,36753,23.1
28266,56853,15.2
23141,44891,17.4
31578,39479,10
21201,37679,14
24086,39286,13.7
19356,42939,22
23712,44545,16.2
33206,58025,17.4
18730,34555,16.1
19612,39940,17.4
22483,46600,15.8
22953,51750,17.1
17479,34902,26.5
17867,40450,22.1
21920,43439,16.4
24700,50364,16.9
16330,37617,26
22412,50097,20.4
22278,42568,20.4
23070,44858,14.9
14553,39449,31.4
20310,40411,18.8
30097,51766,14.3
22905,45086,15.6
20373,41658,20.7
11313,25886,40
31070,71803,7
27238,64571,11.5
23629,48992,12.8
25663,56005,10.8
23129,43649,14.6
21389,49340,11.7
26979,44429,16
16671,31109,34.7
12828,25625,35
19415,46660,14.1
21720,57292,8.8
20074,49506,16.6
20155,44724,15.1
22811,46917,8.6
26035,69707,7.9
23411,57683,8.9
20137,52763,10
21989,45357,11.5
23558,45888,13.7
17839,42369,20.9
18108,55247,14.7
24154,48540,7.8
19972,49238,13.3
26274,80337,4
16959,38500,25.4
24258,50000,7
26103,60555,12.7
15476,40492,27.1
17811,48369,15.7
19115,46229,15.4
42462,83336,8.5
22252,61412,8.7
23805,62067,11.6
20774,60196,14
25777,65050,9.5
21472,49279,15.3
19858,41458,18.2
23106,54974,12.8
22703,39328,20.5
37239,67725,10.2
54608,85706,8.4
24162,44848,12.6
25100,52885,8.3
22580,44945,11.4
23636,50167,17.7
62018,103208,8
25519,52027,9.5
28704,51365,16.4
28697,57596,8.2
18501,42139,16.6
32490,65935,7.7
18820,32221,21
16060,36293,24
17489,29848,25.9
17167,38648,23
18453,36591,20.6
23231,47162,14.7
25718,57218,12.7
19385,32853,18.1
26198,48428,11.8
18762,33015,17.9
27268,44601,27.5
29905,69743,8.5
32572,72088,6.7
38748,77597,6.7
27610,50835,9.3
20160,34319,21.3
21498,47806,8.7
27379,64423,9.1
21540,40557,16.3
19626,30786,27.4
18215,33318,20.9
23781,52027,13.2
19710,32155,29
21532,44885,11.1
50532,110292,5.9
44345,97242,7.2
59088,120000,4
39600,88409,5.6
21816,44618,12.7
30881,68288,7.1
24557,45624,14
19588,31928,23
30112,68424,7.1
27222,47040,18.6
21769,30325,25.3
23485,45141,13.3
28673,60519,9.2
45039,80976,5.6
20591,30710,19.1
26998,59358,12
16380,39697,21.6
20929,34659,21.3
25247,50705,14.9
33540,75070,5.1
17080,38048,33.5
33115,61048,10.7
19852,34984,17.1
26372,49625,10.2
20388,37933,20.1
30903,63942,12
39133,76960,8.7
23868,48372,9.2
34234,81753,7.1
26940,62670,9.5
30737,49248,11.7
16664,31308,26.8
14763,36505,25.2
46565,122238,3.6
26956,54518,10.3
17630,35237,22.6
21440,38138,24.7
27296,53459,13.3
28752,71036,11.7
26944,71227,7
19900,28116,27.2
31342,55192,10.1
20056,36261,19.6
30531,53309,9.4
23548,45543,24.5
26059,48789,14.2
32068,70618,5.9
25310,51027,15.2
24659,44747,19.2
23473,33635,24.3
28568,51342,11.1
22699,39416,18.1
19337,36607,16.8
27655,60287,12.6
22355,42906,15.1
18860,34864,17.1
18936,34424,26.7
21583,42143,14.5
38444,81892,5.6
23138,46166,18.4
31252,76548,5.4
17208,37436,19.8
24434,63074,8.1
37401,98071,6.3
23987,44312,13.9
16181,30714,37.7
36505,56438,10.8
20875,47083,12.8
27184,40496,25.6
31728,60795,6.6
23295,38145,22.4
25638,48313,12.6
27298,52195,10.4
19735,33872,19.3
26661,48733,11.7
21485,38355,18.3
25134,49625,11.7
20837,37239,18.4
22433,46150,16
31360,78345,7.6
36574,97110,5.1
24753,38501,18
29135,66085,11.4
22600,47292,11.5
16546,39635,15.3
21358,35693,18.3
31934,65219,7.9
28889,61610,9.3
25109,41897,12.1
22872,44847,19.9
25245,49157,12.9
23127,48616,19.5
26060,44200,20.1
19107,36218,21.9
23219,41275,14.4
36373,82073,5.7
28722,57565,11.3
29196,50221,13.9
23584,45395,14.1
33281,63989,11.2
20887,35916,15.9
27398,56240,10.2
33159,59509,6.9
27157,52686,12.6
27289,52480,13.1
22303,41953,15.4
26205,49271,13
29761,57281,9.6
28867,50234,12.4
30932,52460,10.3
16940,43926,22.9
24659,43175,13.6
28583,60485,12.8
25893,51354,13.2
25865,46033,14.6
27681,58225,12.4
23814,42519,17.1
23557,47596,17.6
22467,51908,15.8
20052,37571,20.7
19503,55177,20.2
26954,51548,12.1
19738,45949,20.3
21828,42405,19
30941,58455,9
28266,46320,13.3
39911,71811,11.5
31769,62413,10.4
22796,42982,22.6
22229,41694,17.5
22212,42860,15.4
25816,47195,14.2
23542,48755,17.3
20735,40368,20.7
23888,39830,17.2
23167,40567,20.4
28223,59204,12.4
37719,53376,10.8
27065,55925,13.5
28449,53712,12.5
31349,68381,10.4
25661,49233,15.4
21986,41742,16.5
29744,62229,11.7
22334,41815,22.6
23809,46597,17.8
26530,51939,16.4
21208,36257,32.6
19433,43506,22.6
22196,44897,10.6
21115,38550,18.8
23337,44054,12.8
25377,44944,13.5
27787,53119,11.5
24500,47384,12
22843,39564,17.1
28907,65130,6.4
24628,50551,11.1
20754,43276,14.9
28273,57922,9.3
22549,42235,12.6
33712,61721,12.9
24573,53075,9
30657,50438,10.1
25129,45418,15.1
22499,48893,15.7
25287,48090,15.7
22434,47960,14.3
26368,53820,9.8
20462,39963,16.5
21705,46963,16.6
27060,55584,10.3
25275,46994,11.5
26625,55659,9.8
23324,39051,16.4
21849,44149,16.9
25625,53454,11.2
23343,45297,13.6
26514,54930,14
25282,53588,9.4
26271,51339,14
23483,49107,11.7
22974,42389,14.5
24669,49021,11.1
25825,48881,9.7
27607,53363,10.9
23555,40490,13.2
23490,46077,13.6
14710,33333,31.4
24295,43193,21.6
23456,49774,14.4
25941,51615,10.2
27041,45759,10.7
28186,58318,8.7
42041,75457,5.2
24367,47701,12.5
27462,59226,12.4
25751,48538,10.8
24972,50996,13.7
23723,42644,15.9
27141,54090,13.3
22778,45271,12.8
24094,49435,14.3
21004,38658,18.7
25988,52140,10.8
23809,39904,18.8
23500,46559,11.5
26126,52920,9.5
32220,68426,7.6
23032,44869,13.9
25017,49143,11.9
22680,45488,14.5
26252,40833,13.3
27130,54020,13.4
24850,41924,13.8
32020,66159,6.3
37577,75850,5.4
25956,50822,10.6
22888,43070,11.6
26955,51010,12.3
25961,47685,11
17876,37327,17.6
26264,53515,13.1
21627,42156,20.7
18635,31848,22
22815,42493,13.1
23647,38374,22.2
18053,31679,22
16740,31613,24.8
17334,34817,15.5
18685,33771,21.2
17870,38442,28.5
20193,41368,14.6
21720,37895,19.7
17734,27766,18
23261,38522,16.9
19032,32723,15.7
23309,43183,17.7
22527,40376,19
29605,65304,11.2
28174,46085,14.1
21175,36199,20.3
18458,35487,27.3
19901,36999,19.8
23229,42152,15.9
24329,40681,16.1
20622,38411,19
14093,22252,36.3
20391,34842,22.2
19788,31163,15.8
20609,35955,22.9
25846,44173,22.4
20294,41234,13.6
22312,36046,15.3
23209,40064,19.2
26135,41025,15.4
21253,34175,18.8
21312,41859,14.6
20373,33779,19.1
21457,45413,13.2
27957,54854,11.3
21837,40758,17.1
19595,37276,15.9
17843,35769,21.1
17341,28513,24.8
17416,33784,19
20848,39536,19.3
21126,37635,17.7
20704,39206,19.9
19498,39381,18.4
19497,36964,20
17937,27645,25.2
21653,37969,19.7
21852,34702,19.3
24042,42287,16.2
18377,34454,21.5
24758,42774,26
25119,52589,10.2
33850,79488,7.7
25947,55347,13.5
30941,63918,8.6
28212,53237,6.7
24037,50418,15
23475,43257,18.3
26544,42019,11.9
28072,57004,7.5
28505,55864,10.8
25834,64205,6.9
29877,57791,9.9
26797,38438,16.3
27824,53951,8.2
26335,45512,16.1
27948,52008,8.8
35944,77900,6.1
30517,71525,11.3
43444,68078,8.2
25513,58515,13.3
28308,47104,12.1
28764,55461,11.2
