MAN450207,WTN220207,RTN130207,RTN131207,AFN120207
0,0,598175,12003,88157
1410273,0,2966489,17166,436955
0,0,188337,6334,0
0,0,124707,5804,10757
341544,0,319700,5622,20941
0,0,43810,3995,3670
399132,56712,229277,11326,28427
2679991,0,1542981,13678,186533
667283,0,264650,7620,23237
307439,62293,186321,7613,13948
0,155139,359910,8496,34073
0,52904,84633,5969,11345
571454,85803,344311,13034,23596
330878,0,70558,5123,4352
0,5888,133407,9080,4134
613758,131594,639623,13665,50080
2083166,351388,821284,15040,61935
183544,76736,71232,5430,8667
89585,31647,20531,1904,575
561168,338692,424873,11544,30271
270809,131874,75456,5491,5640
1393437,0,867058,10757,102291
114991,69341,332503,6889,37229
1174763,0,437359,10223,33708
1831626,0,635185,9303,67915
766344,104885,618313,7982,47884
665336,93125,379587,10089,31909
1252962,518424,1114841,10801,137966
186247,22463,130362,7433,10869
671954,67398,269096,8786,25389
153342,231687,170044,6612,10402
0,0,33639,3697,1226
0,0,86735,4794,3136
425821,0,92574,5559,7415
1310677,0,1909615,19608,177224
1525396,0,410988,7784,39315
10260950,13756797,11066328,16730,1268154
234908,0,70780,4887,6008
1083658,514555,1131585,12783,136587
0,23787,166958,4889,22719
0,0,1451634,11099,201205
947299,248292,723200,9785,68140
1156888,0,103636,8184,595
0,0,87509,3932,19354
8650700,2970410,4438653,14145,596324
542135,64589,197221,9274,16684
794483,162519,209924,7116,19081
3029491,1138701,1357696,15434,103539
12407151,3268730,5225494,12895,562436
1251911,92815,212618,9342,14796
7956627,3275567,3238175,14351,402861
0,1213925,1637628,14222,154700
0,10360,34121,3181,2632
107619,36581,113222,5805,6302
0,0,367926,12189,45692
401677,26751,161410,7209,9241
0,0,428236,8526,56392
1723017,4385596,2520488,13737,301893
985409,317458,581324,7404,70254
0,76499,59636,4494,8199
9054200,0,730728,9113,67078
0,0,362304,8881,28222
10852479,760623,2445850,13664,327429
314804,256377,903643,13162,73895
1153449,32856,76343,4458,0
0,21337,75708,6018,12949
797845,165638,166709,6853,16564
1702196,134593,286337,14825,15452
0,107302,170779,7673,15276
550061,0,486791,11633,60260
0,0,2390591,11332,295747
0,0,466894,12738,41893
176955,42794,71522,5978,6240
0,0,17859,3263,802
0,24110,265358,9728,53966
0,120552,67030,5446,6074
433867,0,247757,10461,32727
111760,116882,132637,8255,6345
205550,54394,282382,11169,29180
0,1230,12265,1404,0
1164275,0,197935,8143,21775
432551,124901,270351,13074,16218
1830332,605938,1440936,15768,146652
847991,0,452539,7666,53249
701251,795836,750517,14399,65142
0,174748,185706,9970,12504
184521,10852,79676,9727,4648
400820,230922,119201,8691,9790
156135,87552,198993,10645,19657
1587628,266098,1227650,11730,137881
327694,3128,140227,7748,10416
0,8179,42434,3598,5299
661675,0,1443438,14958,203277
489875,48526,107622,6148,10188
1434062,0,373077,9257,37645
0,32782,204433,8807,21236
858460,77002,207424,6511,16843
1081066,45101,160839,11402,9151
920041,174997,384242,11132,34685
0,0,104699,8035,3275
0,95424,190887,11203,9669
0,0,867380,10922,87074
546790,44214,196775,7942,20545
0,0,32850,4257,1519
0,57963,163661,9703,9250
0,84657,35796,3345,2793
0,0,57549,4202,0
0,13527,88228,6846,6101
692089,0,178072,7855,10022
0,161592,497238,7821,46387
0,0,114683,7381,3245
350144,0,87884,5291,8605
712872,0,407683,9503,43650
5010206,0,421872,9051,45822
0,64682,82241,9599,8190
0,0,32370,3570,18197
0,0,136792,14660,3228
0,0,13268,1596,3264
0,0,185662,7135,14614
0,1528,32763,3162,1718
0,0,229411,10468,13481
0,92105,52793,4876,6825
172016,0,193122,7762,11615
303468,47813,176896,8785,14410
1436684,234454,919267,15530,79437
0,28389,39496,4481,4266
5969537,13418974,6163074,16435,809950
148093,39297,137421,7618,13904
366948,265183,1157723,12137,81237
203046,9183,48651,4308,3086
0,0,59109,7339,2859
5676530,1313822,1825534,14995,207768
0,0,160591,9806,6925
0,0,155959,8792,12969
0,0,353772,13206,28530
0,32552,108393,9100,12052
3901892,0,526384,12261,39958
0,50733,152073,9238,12534
3497554,1328121,2723279,13987,355688
1168164,0,803511,10907,79764
0,90943,64736,8451,1311
449599,5811,109292,5001,9171
0,18138,276872,3997,47781
181316,102250,1313671,10284,171397
1526810,475616,1691664,13273,717689
0,0,550763,10545,106693
0,67967,389416,11211,34671
0,0,35595,4587,4888
0,65901,394370,19588,37986
40182099,49760315,58688328,15153,8408940
1349965,423845,2837691,14489,274299
0,209493,1237467,11148,191458
10365206,3056767,11928538,11969,2135243
2149874,450438,2033110,6718,341933
0,0,681267,15958,67226
763989,831416,2695406,12714,456458
891604,0,2004643,10596,271852
25236865,35674007,17909054,12359,2807766
0,0,0,0,0
142958,0,1800754,46797,61202
987397,796397,2400652,11025,355840
0,24179,292762,6249,42359
288416,183229,208543,9884,91604
32021431,6643987,11763753,11641,1562250
0,0,206291,7176,32195
662228,363644,1619711,9216,301718
7827264,7846791,9808267,11022,1147177
278276,148410,203958,7320,30980
877020,0,1726357,13428,209017
1207866,0,1727258,10771,167799
0,0,241967,13876,91666
9456205,5730521,7876043,10037,940340
2107702,0,1035901,7017,360069
0,0,557902,8630,68069
0,0,260422,7440,29679
153343705,198435837,119111840,12236,20238148
1452945,353109,1010216,6956,125079
397211,2373072,4589300,18648,626574
0,0,84507,4705,132992
773447,0,1259064,14716,194204
3954248,0,2001290,8233,219430
0,0,53025,5827,8787
0,0,154316,12032,217352
2227640,0,4541144,11293,1197083
4529328,0,1665005,12619,620353
664601,0,1077159,11111,199443
49131942,97963621,45022513,15221,8247828
3023419,3898601,6180067,18622,773617
130591,0,175272,8506,30078
13623526,16912263,24146447,11745,4835331
7282833,15728050,15599967,11357,2252889
630311,319609,352941,6475,50184
18907342,27579924,21717402,10897,2754662
27541073,33704921,38710620,13009,9551513
2077457,10562176,12399960,15516,5039171
8272476,9001313,7109680,10687,745809
2548202,955049,3548407,13559,767899
17918237,12607786,10198837,14625,2107180
3174119,4023586,4983368,12443,1361476
45088754,60644055,26491464,15367,4147579
1502419,0,3725362,14894,513826
662910,829031,2526411,14088,280996
0,0,0,0,0
257841,169098,403309,9120,78518
8377320,0,4827955,11892,573269
5841879,3953592,6427191,13929,1005419
9475984,3759083,5661922,11180,615119
494893,879004,1065391,11644,100653
556745,0,735399,12103,56074
0,0,69188,4966,14624
5015960,0,3900853,9373,379422
222524,0,582426,10460,86532
8769037,0,11083611,14036,1478160
1853300,6483616,1765735,9106,840344
169975,0,423597,5908,52440
6161531,11193392,4848908,11556,578044
0,85315,262997,17193,30297
2042979,5774128,9931962,18277,1008531
0,8772,142696,11435,33162
0,52654,32910,8570,0
0,0,16419,2838,2990
3855872,2782109,4039254,13660,668939
2255472,0,1139808,21240,163445
0,23550,252573,14982,49240
0,51173,12958,7276,407
0,6955,73119,8185,25036
0,3595,33081,4132,4499
0,0,5702,1726,0
0,0,15707,2427,0
0,0,58746,14820,5545
141382,60887,312871,10353,26912
5189894,14920938,6835351,11810,2279048
0,19209,15039,7961,1659
1950842,0,3765450,13846,435099
0,0,928788,18367,469696
0,13792,80718,3558,6884
0,2810614,7950151,13578,1153810
168772,0,352422,7444,40834
0,442167,1184677,22367,161174
0,0,3225,636,291507
0,5107,193138,14227,73865
0,0,211576,14116,89685
0,0,7808,9362,3567
0,0,55321,7180,9712
0,0,19370,14149,2416
6566636,2514091,7282158,13782,960467
0,27022,8036,6158,0
0,166345,84356,10717,10306
0,0,51369,6540,12573
0,0,790433,15914,206242
3226757,1265188,3922871,13672,604358
0,51612,164359,10393,22369
0,0,134696,25671,8400
0,0,281292,13454,23276
539590,1179281,2389507,17279,268843
0,0,6008,6239,9476
0,73158,213043,15717,35307
0,52094,301379,12003,84913
218197,0,610875,15484,51053
0,0,232820,8450,27652
0,59844,171450,9166,20313
0,1022,26977,6131,21247
0,3435,55409,3266,11083
0,150858,45616,10207,1880
0,64678,399540,26461,270848
0,81975,146970,11300,16282
1705822,431008,1864599,12080,220852
0,0,54732,8831,11303
0,218177,110165,9480,14191
0,187821,421473,18866,184368
0,57075,20857,3039,0
0,0,6624,11540,5079
0,0,97815,13114,77135
0,0,33331,14305,1697
0,0,641013,24434,281619
0,26287,169017,7771,128005
0,42615,23053,5015,1542
4193672,0,2246115,9272,217231
0,193564,106085,11074,8777
20028377,78881637,15702222,17661,1861946
15016177,15631406,13820736,15811,1637963
0,0,2458157,13043,245161
3336020,953882,2129195,12980,293408
10493031,9890749,11785336,13970,1345875
0,0,3882978,14682,3444661
1021759,214311,1206302,8140,173091
1776526,546686,1180554,10120,136332
332844,2117990,3843716,6555,4278171
2361835,0,2589237,17024,447861
20268769,0,8633413,16358,999186
3049335,0,2979433,16103,463723
0,0,3152244,13124,493980
0,0,180555,7052,19819
1254295,644966,2471968,15138,480359
0,0,215629,7436,37088
6767571,1852661,6593988,12339,855503
7160772,31411627,30886257,17680,4209090
0,0,64750,4791,9289
0,211715,1898114,12072,178021
0,0,1405565,10051,109681
0,394349,2005718,10997,213775
606697,1649037,5186468,16546,1037152
351463,478597,862158,12692,103321
0,0,280786,8001,24311
0,0,49120,3303,7395
11222050,17205787,13316700,15688,1719352
2117030,1838916,4055667,13404,493882
235664,0,684121,7766,114760
0,0,92324,8191,37568
262901,383966,440290,9422,18920
0,2348,52477,3102,8145
0,0,13064,1191,4894
0,0,76286,4840,18763
0,0,103218,7243,7863
0,0,400142,13878,17883
0,212095,345685,8774,37321
312518,177905,1654088,9789,166197
306138,0,1089559,11060,100789
9444867,17752902,19110290,16335,2619799
0,0,73133,3825,8328
413041,0,1851697,13940,190526
180603,70612,541943,11070,43151
0,43717,88713,6403,7035
0,0,66528,8292,2663
825472,726344,3441893,11391,436028
1181824,2271601,9193114,15708,1191997
593440,791172,3533827,13451,551621
130976,62754,346356,8920,32401
0,0,24403,3129,3368
0,0,124831,6578,12314
2985063,1725496,3874822,12339,443809
1841509,1639464,4218810,13060,353110
856090,741647,2470433,17790,279037
9347116,60760055,34530470,14074,6005856
0,0,1387603,18900,748100
696212,0,630924,9219,286967
656730,236877,3031043,16754,491894
0,85257,430587,10758,46949
10921814,17080688,19195634,18005,6645089
644949,3044187,2868737,11107,890451
4240652,12017516,19321650,15278,3088613
745172,807398,4746208,10328,432390
8062020,12378394,14826852,16244,1925067
7178034,13241719,6420144,11195,699617
982580,0,671648,9108,48880
74894,148932,1107974,7499,135111
1366676,1560297,5599478,15181,844369
1634749,2852650,6872148,16831,764148
533263,871130,2039710,11601,507634
916481,693623,3697675,14197,268322
367864,0,672106,9244,79933
0,108657,353760,8962,31870
595497,0,207073,9886,19967
0,0,42047,2855,10512
1948646,2002931,6099931,12230,899154
0,7019,167697,5544,20092
0,205148,705008,13387,312686
0,0,177286,7747,18080
347120,58142,179447,10022,15835
0,0,35656,4367,937
165420,120704,68612,6495,5947
0,0,5320,1421,0
0,0,524150,11267,57925
0,23263,233863,14223,44269
768413,466296,660898,9839,125078
3723604,648966,1177422,12699,140737
0,0,224967,12693,20020
415852,68412,129158,7739,9253
1693877,1613732,2536200,16374,306252
0,16882,76320,5950,6646
0,0,62404,4043,4259
0,65887,88152,5394,0
0,154440,224984,7479,34786
523827,0,733425,11044,95340
0,0,177473,7776,11108
287017,465389,295450,12496,17970
0,16497,19557,3266,946
0,0,648346,13688,71770
0,24255,114511,10977,14749
3175562,985854,1252468,11190,142419
562058,151178,795089,12730,76458
0,45988,68423,6460,9831
0,3780143,4004232,16107,872885
0,0,12987,934,804
629589,66428,147194,5478,0
823737,848952,2114906,10373,246874
1971235,1782494,1669122,14711,293388
0,1533,11021,3465,0
1604635,3582346,3207049,11760,398890
0,0,39791,5714,3333
5651641,15524844,10480711,15157,1393471
0,323863,458699,11367,47137
599465,184865,432377,9669,35043
2411210,357458,1406298,12919,119074
360662,51503,118054,7198,18080
2270118,524585,1290974,10852,146607
0,0,18191,1451,1372
410798,0,326453,14719,39028
187845,0,189274,11687,15778
0,103913,466567,21598,49886
1021401,0,395435,13854,24104
7489009,9361148,7973387,10867,1207713
199135,9821,167117,8452,12514
303771,61913,151362,13121,6625
0,1175674,1543650,16198,170969
989859,929175,2055804,16536,212285
832266,131927,75758,6416,6271
0,0,0,0,0
0,63037,322581,6345,26103
515223,106277,136950,6644,14557
448400,93384,184041,8160,14804
354790,0,153912,13507,6395
0,41794,293099,12995,29653
1744689,877241,1390039,13122,171207
3346076,636186,1039780,10932,144251
2318605,2503452,1960919,12382,183104
430397,107788,315062,14431,22760
10428483,40824135,13239670,13363,4133808
354553,45815,370523,12965,36555
0,0,4815,1739,0
0,270865,1351775,18083,398301
2528116,0,659417,12680,62480
183214,201332,168147,6750,13083
673247,31905,137147,8715,60642
6480318,28829120,13857021,17939,1264671
968514,0,492128,11672,41762
6068981,4914547,2220699,12417,224064
0,0,21008,2183,1031
952054,53193,313130,10907,14624
0,0,66126,2271,43474
244785,58960,170726,7077,16806
0,0,24751,2167,1886
1695755,3076624,1907354,10315,243225
1422893,0,1524261,11610,206115
0,94087,27252,2734,2608
1801528,568845,559370,9365,33343
187450,0,33351,2442,3412
242915,35858,204381,15440,9883
303595,127174,129391,7897,11202
116890,0,53910,6311,3823
0,0,25209,2678,1384
0,42353,70608,2588,13415
0,0,113965,6732,12041
0,0,0,0,0
0,252146,613069,12912,66796
0,118292,123990,3754,6881
0,0,539287,8908,62915
0,9380,39568,4927,5229
0,0,17394,1548,1830
2237776,756457,1804839,17744,209463
207779,37439,206576,7764,33394
397403,39536,47915,3588,5623
0,57790,119211,4291,7222
0,0,71742,10179,1021
0,0,350350,16276,23602
0,0,113983,9952,19840
233413,0,100756,4421,14833
0,14952,53450,8671,2935
0,169162,150978,6268,15388
118057,0,114402,4563,23756
0,0,24737,2753,2877
239487,54916,276447,15202,40310
1605675,89355,218860,5374,24649
2111391,1173616,2889210,15482,428162
2205094,226621,679365,7096,93483
0,72919,326375,10357,38870
0,8455,69636,4988,1816
255438,176471,973010,7607,108987
1057803,0,317396,12122,28726
104755,112023,320506,10541,27773
0,0,99714,5586,8687
0,16741,33873,1970,2432
698637,0,314659,7592,35178
0,21369,84491,8619,13668
316112,75508,204112,10073,19813
0,0,2769,1045,0
138701,0,234433,14153,41073
0,41661,44341,6087,3852
5256290,916435,2505076,12695,395411
1778787,515574,1450095,17720,196568
215937,0,18573,4503,879
183823,17545,93578,6219,8297
0,48751,76470,8485,5449
2285175,604327,661569,10492,77353
535710,0,274713,10895,26220
0,2608,23878,5203,2689
411966,238965,326121,10016,33712
0,0,4663,710,0
0,0,1710,925,0
0,152023,102403,4457,9522
0,21407,46384,5359,1590
0,30505,77349,5817,11149
0,0,68284,6657,0
657550,575289,627509,13852,49874
547460,612216,721588,17119,92037
0,665035,386338,13914,42329
0,6174,102261,9426,31033
0,0,30428,4407,1792
2470774,0,798823,12600,88719
0,103211,64546,6881,6479
0,0,30340,2969,1349
0,38051,246740,11809,21565
526494,0,208661,7575,22893
2060559,0,344223,5332,25369
591825,260436,797195,9577,58350
0,762673,621068,17285,55465
0,0,23192,3954,749
0,69978,213695,10248,16524
663428,0,310344,10703,32909
0,3477,4748,2095,0
0,8175,18141,2674,0
103902,40427,280664,11284,51128
7524935,1351910,1440223,15535,144781
0,0,27365,3157,612
174306,19021,73407,7168,7075
521536,13316,24250,2418,1377
0,116373,132224,6203,6544
290120,732242,2566012,14816,874735
8201881,7377106,11518349,12817,4123825
0,209395,1052671,16730,591483
262749,575929,2474819,17437,2452167
0,29361,49644,6546,4128
0,14217,32586,7950,0
0,154490,128662,8922,8456
151576,23061,133534,10331,7996
0,47778,37302,6083,0
176791,213218,176434,6645,9616
5880301,1278450,1929430,15224,194601
161292,0,210610,8009,16172
699712,105620,268428,11358,16655
640836,624511,214820,10242,11530
1578035,0,260846,13408,25523
0,288359,79082,5407,0
0,200683,103509,10402,0
794027,1350539,298050,14338,20787
0,151451,178171,12846,11638
178789,221842,131334,7317,9509
1357504,650482,887071,20200,83915
279270,114673,139445,11935,8706
278276,210062,103931,8537,7433
416569,6297,95388,10579,84923
0,425115,298664,17960,23407
206396,564637,163572,9249,53722
3914945,190114,635654,12950,54058
1266847,121956,162386,9840,12931
574183,218271,905710,15813,110369
0,17902,71612,8351,3054
0,76650,39590,4746,4323
326438,302380,171404,9791,9038
0,0,616900,15182,68773
647529,0,255190,15386,54611
4711245,1847726,1433461,15538,145685
331366,103865,92665,8961,7910
157746,304189,157244,7716,14582
461397,121913,149138,9192,13656
260008,154569,65933,6207,4424
0,105476,102932,13599,14804
0,144862,87923,9258,3859
143848,269850,109363,9049,4346
0,0,91301,8262,8345
1162374,558307,149277,9607,12245
266775,171681,119314,10549,4144
743136,1191033,161778,9242,11447
0,130170,100916,6546,10399
889862,90587,214737,10665,22246
272970,143611,83186,8789,4842
289818,183078,82011,8520,7477
372971,147075,61131,8758,0
1478930,80218,213413,13512,25049
247956,109127,209951,10547,14490
170755,0,273960,7492,30110
246631,114630,333485,21471,16610
0,567646,1653057,13168,258762
180765,144654,257667,12629,9765
0,122304,66877,6236,0
474756,318352,195827,12670,11502
0,396254,420758,11745,36970
8229178,2506126,3592845,17502,353610
0,0,56465,4798,4530
0,1472,84344,8919,0
100917,215272,91091,8113,0
0,0,80594,5253,7596
1618526,0,242911,10995,16819
1856906,0,333092,10201,28951
1848040,298112,407694,10434,40400
0,23046,78569,5187,5388
252014,228655,93053,8627,5070
0,77612,99152,10868,7234
0,46184,62488,8256,0
180839,150731,88288,8071,7599
0,377484,448581,10566,44245
304999,322652,169740,12093,9778
0,0,40538,6291,0
348217,116438,163001,10243,12573
401373,132484,65829,6988,34628
0,243010,299650,12330,21970
0,86944,79888,10492,0
7519907,6697167,6714418,16130,825244
0,2256650,1503395,16784,451451
462194,118099,241342,12932,17021
0,26024,63578,12562,0
0,164976,92468,8983,0
5745095,0,2852978,17574,423931
0,158609,135125,10996,8692
1152404,753139,394422,12319,31746
1970829,432009,968345,11361,151011
0,154880,112481,6366,0
0,40979,25098,3906,0
214327,384667,153754,12759,11160
0,0,36920,4810,0
1840383,0,500711,14167,41514
0,628117,328428,7415,25116
0,185719,195045,9221,114716
0,27010,49159,7824,0
1909417,0,577547,15022,61910
1094325,169959,114958,10672,6386
288679,167268,289636,13909,21459
2827480,1739995,1511955,14913,158358
248922,0,28655,3759,4736
863324,291061,100154,7681,7591
4942388,6006918,5855102,15720,795953
0,0,19965,5627,0
0,386587,1099246,13706,117808
0,23383,58739,10031,0
0,6085,93862,10111,0
624524,0,339940,7822,24298
0,285858,356031,16414,153302
0,0,18745,2465,5741
498636,149654,485307,11788,63260
0,1881605,1871454,19405,153475
0,19692,86256,7945,0
0,5209,18069,6500,0
0,0,0,0,1518
0,992925,2176039,12171,140865
443222,94559,68364,9967,0
371255,335892,318904,15216,33455
0,0,0,0,0
0,13677,69845,8489,0
0,0,35092,8542,11270
0,53448,241226,8319,26980
0,49543,113519,9319,5841
0,76724,68167,5412,10050
0,13552,113895,6914,9205
0,118908,88226,6158,0
0,64841,97645,6395,14650
0,0,92388,4058,7387
764164,103712,300421,15013,14045
992158,843286,2175172,16242,303725
0,0,361668,9697,55179
0,0,122983,15806,7704
0,0,29657,8193,0
0,0,16924,3721,2350
0,161967,407686,10971,32041
381084,347045,162891,8722,18923
0,0,702969,18133,64508
0,0,24106,5834,2135
0,34609,50935,4653,4150
0,133096,145621,6401,12757
0,0,50445,6572,2596
0,25007,623117,48689,11068
0,0,84074,9987,10730
970292,497639,1259106,17270,112044
0,20494,135620,15201,43204
0,63380,76253,7645,0
0,0,928289,13888,0
0,0,22853,2785,0
0,217636,104527,5708,13125
5553679,146167,454857,8556,40186
0,0,30018,4597,0
0,977575,331951,9525,27440
0,0,22307,4376,5376
320789,301803,88717,5593,12957
0,331272,115401,8480,8121
3248908,2575981,2347059,12163,374499
392440,0,369948,10703,29295
664438,176069,109618,6513,17035
737102,168802,114775,8375,0
0,281952,383207,10581,32422
0,382885,635068,12150,75603
77932858,83964561,60585557,11571,13094372
0,90886,164186,8419,15266
0,0,22877,2119,3098
1435916,249685,1090171,10351,128175
0,248857,188199,11527,13923
699883,290117,218438,11222,24490
16862490,49574946,18043391,19550,2226207
521758,126747,197055,10476,12036
0,147064,40643,6229,2538
890285,0,857847,25050,85192
174590,322619,227314,10846,18286
0,323108,112302,7990,11430
223186,72726,362193,9236,34169
0,0,288858,7843,29399
0,23177,21882,3684,0
0,151301,95884,7009,0
2082448,438450,522618,11097,56309
0,0,41922,5145,2759
193240,200539,106493,5676,10926
0,0,14363,3219,1016
0,0,26145,3462,1914
0,0,477578,9644,42009
338655,614888,265444,8843,20770
177351,0,684089,11751,108315
0,257191,82642,8592,3246
0,0,567630,14157,67783
0,0,250326,11186,26668
419517,120531,310735,14017,81271
0,16727,65543,4788,6806
9879494,9589573,5688267,11482,680888
3418939,0,1258509,11264,0
685730,1299755,1064021,10957,99906
0,0,681371,13120,68325
16381499,26053269,20336251,28949,1299296
2244000,1208180,1739926,15466,158601
0,82733,81715,4923,0
1098190,0,366468,10426,34957
1261471,0,396450,10438,38283
631562,0,275457,9219,30369
9590836,0,1450614,13342,170857
180436,350368,326048,6760,26082
18978164,1643600,3104222,11622,382660
689705,0,345728,8734,36765
0,0,78465,6085,9228
0,192326,98760,6563,10399
0,0,75936,5025,0
248754,0,338109,10221,52785
5291243,2391154,3578581,11372,365565
2578827,5309346,2231369,13607,336104
0,128740,68939,5507,6909
0,0,85284,5191,5605
0,0,405724,12507,35946
305556,254264,401515,13479,36376
0,425549,403082,11399,44423
541212,95187,118718,8275,0
1137608,0,454312,8257,43365
4951288,1609825,2425913,13250,343149
369043,42904,168280,7452,15379
0,263944,118815,7220,9981
0,265271,136472,8233,13705
0,0,9223,2245,1219
0,0,31840,4941,0
0,0,21663,3619,2266
532245,166393,332305,10123,26776
94581,250335,161489,10346,14233
3714268,1437502,1711386,11636,224219
92440,0,271186,10427,28274
0,1841290,2862623,14768,366849
0,0,53090,7647,0
0,0,34894,6686,1714
0,157299,140900,6477,14065
2324457,1661620,3087185,11818,615352
0,0,57253,9404,1352
905092,0,480551,10285,44798
5145678,1225115,1758134,13424,353944
176076,20504,145142,8009,10029
2576404,0,757887,9367,84980
0,89502,109214,8966,10150
0,219765,133722,7602,14251
409194,270495,197317,13400,12325
0,126570,146263,8814,0
0,400258,123142,8392,11408
1022531,926845,570627,9676,60604
13628202,11061791,6841452,10211,1404940
681388,0,987511,15370,118603
7913361,2624724,3851993,12943,452187
963346,0,278287,7329,26023
2127689,0,369895,10928,27069
19741940,0,4774175,13667,550450
4843890,747332,1075239,14399,139684
0,0,50891,5852,2561
397083,158855,97872,7389,8038
0,386393,484483,8970,54490
0,4299,61518,4180,19753
0,0,102111,5153,18411
1302002,438966,340870,8714,33801
2114873,1062039,1729530,16414,197472
0,0,312395,11737,18422
2283489,0,223595,6579,25067
0,0,40720,3752,0
643418,153709,381537,12667,25851
786076,0,509651,10256,0
1869737,0,315023,12582,29861
3818858,0,408899,9774,47475
1280555,424060,1516815,13156,160815
0,530645,763441,18509,58781
15779841,3231392,2416879,12182,272416
486488,85936,208881,8604,21624
1558350,1420463,787397,10813,0
498444,124764,142465,8336,12013
0,18626,171270,7407,28470
524323,62128,200781,9931,0
0,0,442605,13501,38501
1670123,0,765826,11121,88055
0,0,226084,6924,19511
1569925,2779456,3295421,12582,437156
1256037,519932,568518,8584,66306
410685,98576,400931,10862,0
2819422,2520749,2088672,15496,227647
1026569,180241,455036,9706,36185
2923185,319544,1194698,14264,150481
1478637,0,328017,8651,44268
2585502,0,529531,12572,58429
601064,163377,405489,12531,33940
835131,413695,139539,6543,0
1476978,0,382708,11801,43158
377163,0,223798,7956,16079
1609901,682332,2072896,15169,208425
774300,321523,471778,12463,56801
5705256,0,794883,10423,92258
1602328,104569,276916,7498,33861
21914467,3348813,7102425,14455,1069166
2364020,856204,1363592,12355,389663
716454,0,481647,10481,42970
1046853,574203,1234877,9433,155130
24333886,15780255,12951290,14748,2248380
1239448,0,550984,11839,50494
0,51087,81212,8044,0
711346,0,235379,6423,25837
1799286,683154,1530793,11968,287796
2768351,368625,429214,11343,48487
0,185002,586949,8378,59095
197474,121634,96674,6901,7984
2454544,0,357295,7491,35884
0,0,23731,4068,0
201749,52770,153183,7812,0
0,0,106333,4750,10444
137612,24541,84463,4932,0
600192,12925,153361,8097,0
0,64738,55934,4449,5609
7318767,1463085,1956275,12188,211334
0,346707,268383,10225,17130
0,262911,112778,8175,0
675972,43013,310811,8367,45904
577384,113276,273327,10588,0
757369,44459,255352,9347,18675
523330,162347,113360,6468,0
978675,0,241227,10156,30721
2354852,291027,487648,11094,46357
0,181067,166048,8215,16299
8011023,0,3683417,13831,439711
243732,61452,156674,6730,0
1147951,97221,575134,17170,57024
0,201464,146923,6894,14252
0,3944,19919,2074,0
0,413344,2079578,12769,315997
362143,141637,136038,8473,9837
0,0,31015,4366,3006
6447599,2907819,3025844,17308,516819
0,0,184550,11296,16305
3565934,584135,1668183,15780,195501
1045382,168937,325620,9889,30325
93073,118293,24040,2812,8420
0,412340,331226,5794,36854
248328,16287,190711,6844,0
2483052,325246,1004328,14748,107213
699092,0,221300,7969,19285
715246,235098,283389,11911,24469
2107506,0,343476,10547,28272
434704,37176,121694,9077,12409
0,53525,87242,11102,5600
0,0,130130,7912,14931
0,35570,70317,14910,2727
561411,0,339355,12254,35379
178967,554890,120585,8136,16285
91416,87482,67859,6771,7611
0,130113,567483,9024,57370
0,0,10868,3815,2283
0,0,15764,4176,0
512058,205501,121743,5686,8639
0,54578,12191,4422,937
0,0,9889,4775,0
0,99290,76023,8756,5547
0,91801,109669,11776,13731
0,52345,102988,12228,4869
0,0,10297,5608,1452
2025397,0,317199,9291,34235
757221,0,395361,10204,51852
0,60478,17169,5793,1538
317310,232637,191407,10143,15310
0,0,25238,3241,1516
976469,0,1202225,10601,213749
0,74694,12379,3987,0
0,0,7998,2680,0
0,144903,497467,18264,72165
0,23009,31852,5066,4554
0,0,504229,12364,54895
0,0,395737,12121,40272
384080,168701,234280,8921,27910
0,70826,295149,9992,51976
0,104789,17068,6552,2010
0,23088,30166,11710,1339
0,253106,66963,8998,7133
0,112701,34787,6032,1277
0,0,9621,7406,0
0,14147,53316,7684,2983
0,34386,25434,9816,636
0,90981,50209,8746,4388
0,90787,274715,8170,29446
0,147070,13723,3400,0
0,0,5906,3052,209
0,34453,91112,6822,0
0,9597,71260,3880,4409
0,16800,14347,4502,1152
7847699,16252012,9255321,17598,1082977
0,19843,7593,1835,1234
0,57048,43185,5556,4451
0,71471,14583,5385,856
410239,0,204285,9305,14150
0,12245,13628,7841,0
107742,13167,492953,6697,48348
0,24095,11148,3413,763
0,4347,47786,4981,1271
0,53606,78581,29856,3502
0,0,470739,13179,51039
0,106706,69995,5743,5621
257714,128934,185982,18309,8833
4222628,0,382204,13167,29843
0,108345,20284,4602,1456
0,72680,251725,8183,23967
0,73323,98777,15654,5081
3979668,0,364610,10599,43496
0,9155,44988,7570,4614
0,54820,28557,9251,2290
243056,79569,106838,10528,4229
291019,180154,199840,12360,13085
0,42438,16086,5433,1541
0,40003,36977,6796,5399
0,19408,70601,4327,0
0,86231,38522,10001,1421
0,47967,19295,3232,1533
0,93781,48480,7574,5749
0,33908,46642,8776,3679
329645,160957,283927,14582,11780
0,108263,170163,18089,15023
0,83478,16263,6413,727
908658,573283,828616,13150,83362
0,97433,43742,8902,3130
0,64016,46889,4671,6640
0,93235,728603,10498,125435
0,120294,56427,10991,0
0,27743,30704,9689,901
0,70326,67979,10110,10038
0,816434,1064587,19676,96095
0,131534,46785,10344,0
21117142,12449361,6574213,13838,846879
0,197478,314598,13898,32249
0,915256,2310142,13295,0
0,88426,18361,7482,768
0,119079,110618,18781,11006
0,71095,23598,5980,1422
0,18054,15895,3613,1152
0,0,16449,7701,813
0,113664,40304,7989,0
0,202179,131407,5531,16779
0,163087,159367,21574,18327
0,24137,40422,13740,4032
0,13434,26718,3920,0
0,0,6284,4388,0
0,111261,34776,5992,2497
0,68179,18489,8528,529
0,0,54160,5539,5805
0,27383,17184,5223,1526
7634498,4127478,1710043,11154,241883
0,54740,137063,7655,9057
164790,97666,112099,5945,8240
600926,0,170715,8002,11256
0,0,52778,6485,1841
1024905,0,552941,13464,64669
0,0,51512,4474,0
0,196103,374889,12915,38133
4690957,0,2439188,21623,0
0,0,175304,8939,13466
0,0,934561,19244,100532
0,71157,430021,14875,57725
0,0,25883,3007,0
0,0,103735,6652,8742
0,19378,113835,5968,7882
0,879650,500549,6788,73041
120473,0,57992,4362,5358
213233,0,151840,11848,9358
729241,0,454838,12578,52463
798230,0,970778,11120,163252
0,2903,23792,4614,1071
4059659,13382,182693,17403,18212
0,306210,268548,9831,24362
189089,34871,71832,4408,6399
1571636,878401,936093,11565,80082
1252285,0,461765,12951,51254
0,13210,138743,5858,12401
0,38656,55307,5838,7804
0,9413,53418,5873,5086
0,0,44182,6484,4529
2919998,818094,1282912,13652,147433
0,0,32536,2723,6325
0,0,12169,1489,3224
0,0,84217,5655,7916
3061217,4442420,4778490,16635,785725
0,29843,128537,8768,5972
0,404434,403311,9596,34911
1400787,223558,622089,12816,80515
0,0,52203,7608,0
0,0,37304,4619,0
0,7053,39605,2331,4517
0,0,285154,11333,29952
0,0,342536,9119,0
692032,0,234914,9281,16243
0,1928,64411,5592,3962
0,3579,355697,9483,21048
0,3277,28055,3266,2158
1792272,281136,1449522,14781,168623
0,159275,211085,6793,20320
549589,39772,147036,7912,11311
434551,21357,92791,5074,11506
0,545021,662033,14659,54742
0,46545,153316,9689,0
0,29108,65403,13345,0
896339,0,560520,12118,53708
0,0,45224,3370,2078
25695383,13000553,10002441,14053,1629185
1015569,0,731697,16060,46401
0,106086,350076,14646,27186
1236384,0,1261984,8046,323301
0,0,47551,2782,2950
210723,63723,318643,9870,27458
90029,19846,49171,3621,5861
0,0,914739,15970,91032
0,0,123575,7568,11508
0,0,58622,7891,2530
0,0,59363,5072,3874
0,51762,123973,5176,14125
0,0,56840,4074,3942
0,0,127171,5053,9405
0,0,29706,3103,0
2150571,132947,230608,8497,15264
0,0,60988,7316,12199
0,242111,975986,12008,127253
0,11565,52924,4022,7290
620176,22895,136155,7093,12288
3095293,97237,345665,11065,42695
0,123656,108045,8149,4927
0,0,357976,20831,36489
0,3529600,1570758,24179,179175
0,1331,82470,4639,7070
0,38629,48015,4949,3067
0,40800,170689,6274,0
0,0,24246,3631,0
1252350,14950,157041,7219,20665
391327,0,58045,5711,5132
146465,28777,99988,8582,6490
0,0,355788,14128,30886
0,0,88058,6175,8093
0,0,265567,8444,27189
1348746,217473,422267,9951,0
0,0,27370,3956,762
485450,149543,142528,6066,15269
275104,95532,374793,6621,47130
0,10358,43191,3805,6557
0,0,16715,3625,0
0,0,47235,3152,4453
122158,267881,463063,15886,43807
0,589037,894872,13658,75472
0,3894,94985,6967,9333
1088020,989564,884391,14753,73492
0,0,1617,733,0
0,0,71642,4323,11277
259812,54111,272076,12039,36058
0,0,180335,10563,14527
0,0,528609,12283,73114
1373120,320777,498709,12279,0
1406337,260049,415161,24342,29682
0,1515,68129,4029,0
315183,0,371903,15436,25363
0,23248,58574,4878,2331
235118,0,70866,5317,11289
0,0,31956,3564,1844
250359,93971,144171,9585,9845
0,0,1691205,16186,231205
259028,67650,63268,5490,6302
378860,23597,152513,7412,18787
0,0,67451,4858,4700
0,0,373329,9752,39252
0,0,45265,6355,558
0,0,225208,9242,15725
0,0,525956,8808,40790
167537,0,142901,5529,17401
0,664953,1317978,13219,116260
0,0,100015,4331,4085
0,171288,310858,7367,174653
0,0,317434,9128,19527
0,0,58735,3947,6558
0,1028150,1741931,15991,711717
0,5467350,3706835,14686,675315
0,1342893,2775998,15061,878553
0,0,112858,10874,5829
0,62822,36818,5094,1381
0,193095,52651,5037,4973
0,125891,74200,4516,2251
0,0,194919,10300,17791
0,21967,184484,7010,10419
0,7860127,7043044,16353,998287
0,0,34009,4117,2074
0,0,72831,3484,5964
0,0,228598,6379,9263
0,182680,215511,10760,14329
0,0,74699,3778,0
1586213,0,910199,12167,73544
7694728,149928,274399,8337,17866
0,0,114478,7594,7863
2837246,6049778,8106201,18409,982943
189206,0,338794,10916,26709
2037231,2651421,3814288,18588,584645
614334,888422,917511,9878,106618
0,0,116442,8321,7583
0,171292,527771,12361,72490
459902,483039,923742,7893,89170
0,153183,142503,12081,9396
0,255319,241374,8443,19773
1006262,0,413982,10627,52432
3088945,1938441,2718026,9434,2148176
0,0,2221645,14823,250288
0,920966,113637,5322,43227
0,177020,216342,9638,14042
0,0,1910244,14369,0
0,0,36722,4019,3469
0,172613,228448,11183,14610
0,0,172740,7288,13984
0,164222,291779,8726,36343
27354671,2137737,389164,7492,40093
0,0,35533,3358,1653
0,0,162938,7669,11979
0,2540843,454761,9492,55538
0,0,970661,10633,56570
324338,326091,407646,7897,45107
2011102,0,508177,9933,60317
436331,2363173,3481120,15382,370687
0,953650,1742378,15059,164632
0,0,31767,5498,528
1115562,899049,1915438,17633,233139
0,0,148072,6521,10217
0,0,518285,9317,51097
0,51603,315686,6692,39827
0,0,326287,7241,28122
711994,0,484791,11899,28725
0,602245,319730,14125,35180
0,0,67722,5905,4096
0,0,65994,4362,11835
0,0,122523,7884,11247
533264,0,3973206,17878,890997
1425512,0,1901784,14605,401912
8878114,7719769,8647669,15882,885231
0,0,348999,22333,95785
17488661,12405726,9822136,13399,1301497
1164378,460103,691013,9628,80305
6001102,4991824,5668671,12119,661740
1098826,2021848,1546067,9962,225453
22482647,32873334,19661130,13325,3250213
0,39771,342825,30997,88915
10340798,12398878,11241440,17133,1294000
2577234,5253568,6615087,13463,794552
3703400,8914822,7565785,10381,3795879
10706055,6913732,10057154,12634,1150731
0,0,865196,11907,124706
3610107,6922158,9464955,18491,1288086
9247191,5609327,12074866,15341,1414111
5730887,4843424,4348797,6793,1434689
0,43666,730625,8291,110741
328988,129733,406934,12341,18868
1095101,556104,2141774,12645,203808
1301056,0,1099661,11063,133366
157963,0,2369800,16846,231630
991915,0,318559,10030,81825
3003696,1252142,3066281,13629,356482
143206,0,431388,14550,47284
2016099,1871327,3380253,14066,361855
2368343,7170808,4554990,16622,565685
290197,0,197080,9917,36003
3264117,7426648,13255784,14080,1872772
2504675,10449816,9209683,11060,1205022
238752,212901,618290,13203,103044
0,0,105159,4011,9899
0,0,1193036,11883,132293
0,252667,711868,19732,104944
2448692,1265253,2463271,16988,229661
0,0,1780832,19078,184806
154643,0,875104,17779,506848
2186156,444572,1704277,15973,149702
621636,230832,1105943,15350,71782
0,3427913,5277196,19119,734947
823516,0,381289,12807,43024
599099,256613,819990,15363,167455
584124,1195617,2382310,19729,198512
386986,177977,640156,15659,90110
122607,65761,433225,12412,72027
865837,188252,489480,8647,92619
1088511,0,2983923,20080,224163
119373,0,196521,11440,13589
0,113895,415540,11359,51500
1566889,76669,577288,11211,44981
210346,522257,340345,8857,37580
444105,79089,405170,12360,24740
2904345,704167,2291378,11389,499096
0,0,55317,4848,4236
193878,0,54386,5636,14239
4240717,506692,881344,7805,118800
587361,0,416778,14018,32160
193641,0,156734,6480,35232
126555,0,118751,7144,15617
0,4594,67726,7801,5641
977390,72312,276150,4676,32312
1107212,0,1301043,12117,134694
0,3469,131310,7488,44171
2298338,689088,1622828,10150,219492
1061117,0,396895,8581,44710
4953967,0,1571317,11496,181995
711270,0,183403,3623,27133
698616,8387,221210,8437,60229
0,0,316945,11806,45986
0,0,369455,9521,189886
192498,0,246126,8021,28898
609277,562056,631864,9061,50774
152551,0,216830,14942,19605
712562,0,459804,12298,46419
0,0,417302,15399,28601
0,914251,1326967,12383,155322
254402,0,580619,17380,108399
12579452,3554890,4836688,11142,528674
174082,9008,140155,5336,17568
80116,0,137990,8543,55668
1160721,424979,1570064,18415,237714
357431,0,316388,7464,40125
1330797,260599,323333,6964,31369
0,0,335452,9599,46469
647313,253604,323115,9727,33647
0,4423721,3156158,11328,446061
1117372,118801,446654,6976,37417
190442,0,270567,10272,27267
0,18647,101386,8496,11646
528739,0,705401,10577,117754
2782988,0,1690871,10393,185386
7145875,1207153,2808829,11481,414648
0,83354,144117,8400,13744
15738279,13020792,8058005,13377,925177
0,0,3262,1465,4385
0,0,53307,4801,7788
1142583,170050,799900,8707,72559
0,17144,128208,5857,40646
2230840,451920,944698,9336,94196
2715794,1293290,2059768,11260,180995
0,0,74036,11044,7374
0,0,155835,14289,56481
23588483,5611118,10007613,12074,1120853
391221,0,225381,9096,26791
310442,162446,729823,11200,100271
518341,148639,330426,11540,39650
668177,0,474988,11352,44055
418452,0,166886,6914,17217
2821268,0,869266,10524,108035
0,0,91893,6143,9446
3502955,0,1465317,9555,171549
388978,124840,563109,8962,45828
0,0,70129,6862,7882
3675844,0,1656745,9507,220979
560828,71682,355262,7213,32121
25885162,29825742,18183680,15131,2284814
364129,0,171532,6164,32250
151662,0,364748,17118,31109
0,16629,60901,8767,6753
967956,57690,151621,6562,19225
0,0,57124,6379,9005
158006,290713,499775,20761,58833
9210895,2120633,2367832,9149,277197
0,8257,101360,7339,9188
0,6759,338403,13327,37284
4604837,1070811,2534269,12546,337257
595097,174871,300913,6918,30192
0,0,110816,13097,10158
409484,0,614745,8568,57479
2855519,872288,1601609,9424,178285
3106616,0,559870,8971,53768
581524,283100,432316,7624,24671
1312898,0,556714,7145,80514
5331756,3630996,3681086,10584,613520
55896948,26102859,17275751,8720,3112369
0,157398,525400,16573,48791
0,53507,147509,9211,19708
6460209,7335912,3738881,11435,374922
284757,88443,373467,11723,43449
279841,0,627360,14510,65600
839106,513024,495214,12524,42112
0,185824,32850,6147,0
2728744,1275912,1211463,20200,138977
1596868,547091,301204,11618,40488
0,0,357385,10620,32568
3149535,1484320,807141,9139,91065
0,44299,276752,9663,146417
175820,201428,168339,13563,11559
403091,0,428633,8586,43041
317074,0,630252,11534,58515
0,14153,42917,5213,0
0,0,61860,11420,40376
636146,177207,90280,7982,8984
0,278685,1141915,18535,149594
12930085,4415457,5163980,13231,614280
0,244797,91773,4727,11799
688179,0,625509,17390,71018
408570,142934,116717,7861,10517
377422,116089,176767,8404,14499
766952,412074,492110,15755,33762
1332287,313866,595766,13030,254569
0,293825,56392,9421,0
20957675,34472526,22278830,19646,3279149
0,0,152459,7810,8029
328593,35255,200851,10722,20637
317710,0,405211,10414,30395
627175,160561,521587,11733,51027
409641,151733,80280,7346,7751
114482,4933,150453,9309,9999
818684,0,597567,14621,51963
0,217527,41288,9212,0
0,16799,164966,12325,21260
0,96196,61599,8474,0
156799,0,119763,11121,33945
0,11644,39851,9847,20371
623932,131977,206212,7359,17014
0,77617,53106,9136,0
697038,0,378877,15250,37308
0,9896,20236,3997,0
0,246744,118568,12580,0
779422,0,268228,13145,24429
1603433,0,477130,12850,39793
692594,98587,174062,7488,13868
215116,160149,251779,9603,200475
504128,249703,361223,11034,32087
0,229753,347668,9133,41794
0,283172,46600,5492,0
872321,194274,164856,5186,25556
951960,478177,303588,15111,26072
0,58396,52466,7965,0
2971351,777919,2182050,15631,326873
1054359,322526,704539,12366,62687
0,0,209522,15204,43324
0,6799,243454,8636,0
0,158303,110916,11968,0
954096,336876,297780,9692,36677
82663,305508,103471,9428,12597
7578926,9278366,6156546,12328,963534
0,0,41090,9959,0
148059,210717,156822,10057,81494
0,277711,116957,7246,0
1397918,0,599153,9666,80619
0,88474,109119,11531,0
0,0,179942,11273,24494
1924968,1300774,1169699,9270,527464
683259,231733,844316,9845,75305
548531,69261,75457,5011,0
0,1128194,2760528,14051,498616
3745535,1813571,2423575,16539,251180
1485036,323486,543894,14959,67718
192904,130767,170056,17786,11685
0,665620,80615,7272,0
648116,17986,160034,6664,15083
0,82559,45484,12380,0
0,92168,210766,9685,16992
0,243381,177697,13284,10906
633876,105217,163649,8424,13502
5751832,1743551,2690704,11886,340899
327529,145890,70359,6402,9103
0,0,56267,8675,5102
1711138,0,666138,13403,65402
1124571,440743,1458815,12448,106702
0,302279,112949,11221,38276
0,54741,310089,12590,38667
0,36877,79988,4751,4479
0,67832,86619,14207,4510
1337135,0,247806,9643,18584
1409848,134759,413782,11466,25785
174302,76001,135142,10623,8445
0,77442,135422,7994,12312
0,18445,174325,9379,13167
0,0,59556,4912,0
0,610359,3012263,19777,315136
0,1015485,1438683,16199,154484
632708,0,634785,15437,57927
0,21230,34109,3691,2129
0,70815,331093,7660,33202
251109,109440,677919,16779,157554
0,1791992,1353015,18626,145859
0,70062,60608,6161,5499
0,13630,27709,4668,3456
483706,351585,898675,9180,82368
0,13721,119883,8694,9794
0,198004,51816,6682,2043
255616,166361,716787,9781,59653
0,0,88695,12319,2120
10903503,4517272,3366942,15427,822122
0,96781,147247,7019,16242
1568097,706090,1203694,16357,127555
155345,75706,225574,12858,112683
271662,105183,174262,7267,25507
0,62405,46902,6222,2099
0,59893,144726,8610,8357
0,41751,45292,5630,2187
0,0,128002,10405,5214
246567,0,124535,8310,10779
0,0,93694,6979,7693
0,132812,371322,11781,24917
2432105,386379,1326744,13268,109271
172359,63145,146014,9486,13473
0,35196,59228,9511,2012
3845368,5076007,4710360,17856,578286
0,76462,88259,8765,6236
0,55455,143542,16382,11022
566623,101135,284256,12697,25044
0,0,49990,5516,1641
0,84686,35782,7214,3966
0,19306,88059,8968,3435
682130,180705,545843,14163,47630
0,1613,65805,6524,5296
8939022,11179928,8460776,12347,1505780
3336561,793412,1967427,17111,182316
1538071,782821,1709786,7919,203297
0,0,412938,7940,56687
0,29859,27773,6876,614
1225562,0,469720,13316,50320
225710,140591,301376,9230,25448
608675,63715,419502,11171,20500
0,0,59309,5933,0
528261,91753,433169,8413,31065
166854,38879,117732,9230,9272
130272,86240,234535,16582,17366
0,50614,156455,10118,15206
0,6904,106559,8661,6690
0,7401,46261,5125,2635
0,114413,422995,15033,41812
0,0,223284,9735,10000
0,0,20164,5850,647
74805,68853,451776,18214,30047
0,235151,161504,11946,10000
0,106296,159656,10580,8206
0,36552,47986,5219,4383
121656,117151,81503,6829,6008
108135,22059,191467,9221,13322
0,288016,509771,28850,14988
646652,491844,605682,10809,69583
866565,0,206771,9377,28785
0,14176,90916,8789,5890
433058,26739,132832,9940,4114
0,0,45982,4913,6403
0,382627,209476,11275,14371
711618,97342,263521,14060,20242
1535848,169425,547263,13415,55361
454757,103508,632535,14900,73609
308929,252229,161331,8746,11303
2077389,3535450,1737430,19821,465596
0,43310,275957,9140,23301
0,18216,376475,8479,74338
0,0,38629,7916,453
0,0,60215,6189,3626
196853,0,293462,11460,21767
0,92227,141668,6023,10157
0,8302,28708,4484,4126
0,7953,92395,6815,5678
803465,0,230299,10141,15866
0,0,32109,7858,386
0,0,39408,8205,2216
976857,252385,358429,8780,0
0,14335,26168,3137,4419
0,30529,49094,7606,1680
6532751,9325599,4408513,12822,537680
0,0,64746,6861,5420
341767,0,685764,10930,0
22654565,27366632,17237496,17347,2440721
10920629,5042147,2496672,7020,1059295
368461,73610,148176,8311,11391
887974,196305,436085,14717,20526
0,14165,222907,7087,47618
0,0,45021,6623,646
0,76049,833027,18157,360747
214691,50665,167843,6845,10980
0,61170,200581,10004,18697
297421,0,317983,10438,22441
104179,0,124339,5116,17311
0,29839,65784,5255,4414
161470,69536,294218,8197,22194
0,7737,13164,6359,526
146589,31676,237875,13121,38047
0,0,427733,13528,98002
944585,0,527641,14756,42518
0,17879,36342,2727,1322
319485,37028,171350,8756,13697
0,0,25101,3141,0
287016,0,303409,8116,31055
235326,29012,94108,6445,2525
0,0,24204,2344,667
427185,101537,128019,6785,11476
0,0,30814,3424,1666
0,0,39271,3675,4726
0,0,58099,3346,4486
392963,0,126026,6037,15843
0,0,260323,9448,120568
0,0,143069,4889,15675
0,66560,171612,8453,11175
1663506,1676805,2069453,13825,256752
883448,424129,2121634,26812,158846
0,0,20884,2507,0
0,0,231543,10510,13432
0,27584,39126,2857,1698
732464,0,377005,16312,36218
0,0,383192,9642,133842
0,839746,2903219,16472,1619113
1406186,2118836,2992625,12021,403797
207973,31091,114372,5599,5530
0,15127,81350,8198,4395
0,0,0,0,0
0,59439,135017,5876,12294
0,0,1305043,9964,178044
256511,89451,68927,3839,4405
0,0,18620,2073,0
0,0,57305,4508,6156
1759970,402659,816399,12212,442842
0,0,46672,4670,1374
0,0,507113,11711,96237
0,0,991801,20858,103490
750921,1127560,1320584,16936,135846
0,0,46762,3530,4008
0,22652,180447,7927,13004
2986825,847900,1439479,17967,148229
0,0,438713,12503,51401
275680,0,501974,14629,41228
2075457,0,809310,13596,88621
6471938,3305948,1268437,14172,180563
166262,155659,259002,10098,20071
0,43470,166379,4559,14189
1472743,111082,281974,7610,21770
0,7623,136579,11892,7336
192438,286853,255834,8565,24150
290795,9154,146663,6500,11180
198912,26843,82888,6993,4571
514341,166199,387892,8838,77313
495278,484515,384416,10918,32577
0,0,615612,10779,43186
0,0,60391,4951,1221
0,188719,544686,13694,50918
0,57538,203614,7068,14755
975223,17781,162043,6359,17540
0,19137,24719,2815,1903
1865834,2629579,2226182,16103,197777
1057520,41172,235128,8050,19732
0,64205,30978,5644,1618
0,0,212575,7640,20622
402581,12597,51097,3206,1829
0,0,190727,12237,18606
0,0,211330,6825,15067
0,62382,56799,4315,3639
244257,18733,237674,8833,14639
566188,131842,130910,6101,11772
305441,54700,112571,5867,9168
0,40673,130682,12457,1308603
418120,174650,267289,9965,20831
167291,0,124687,8113,0
1856711,0,606527,12405,384592
840250,0,577738,10413,93800
287499,221065,178937,8466,15340
0,1960,69649,7119,3192
0,44221,59831,5857,3435
483377,187904,183152,9297,16545
0,14114,59650,4341,2881
371801,0,230475,8056,12405
0,24333,122910,13877,16054
0,0,87369,6852,13590
0,27575,44240,6813,2414
0,10326,59235,12928,5749
0,20962,60650,6219,18542
0,0,11929,9667,0
670881,672008,1302292,15924,174295
0,38357,44696,8576,3802
0,75061,199923,17987,22098
0,9863,26586,15806,1027
0,107556,118284,13784,21216
0,0,71477,8067,16363
0,32883,26323,9926,4002
0,400247,135416,12093,14146
919447,863649,1581348,18135,232886
512617,508818,1791758,20524,325789
0,0,10240,8583,647
0,125194,106256,7956,37613
0,0,0,0,362
0,0,23787,8239,2518
0,190161,231140,14015,23819
0,0,39880,3584,7268
0,4619,5468,2667,1270
119815,8713,276964,9855,34712
0,199568,972926,16180,118555
0,10500,15603,8673,771
0,12120,170563,9102,26474
0,0,48923,6628,14998
0,0,18033,10497,745
0,0,16374,8541,2072
0,0,46129,11886,6680
674892,860085,2179398,20589,269078
0,5025,33610,7526,3467
0,26285,208923,13036,61864
0,0,0,0,409
0,80846,34033,8612,4135
0,46119,64672,10886,4191
0,0,13808,8108,2241
0,0,35007,4921,7269
0,0,7425,7025,883
130234,164994,344777,8556,36471
0,235835,128640,14138,19700
0,66280,99861,9869,9667
0,0,53358,5847,9014
0,0,82124,7460,12192
0,4959,31524,9450,4772
0,0,504698,15486,78285
0,14190,103225,11961,9810
0,0,42651,11450,6185
0,0,43930,7130,2987
0,96316,54824,10989,10602
0,0,0,0,0
0,80403,81315,11829,10950
0,0,18254,9127,1574
0,0,4305,4767,1057
5739955,2772504,2840723,20284,361729
3163071,655841,1968813,13595,219415
604762,49756,216769,5957,22587
109160,1549,73665,6719,11251
0,153485,180010,7145,0
206294,55866,292410,11474,22621
0,41596,197646,11084,33556
1215635,285445,573361,12504,49915
0,51247,93015,4780,5618
1530894,174218,196691,6086,23299
0,206726,1004231,10070,150576
3211724,1162902,3597871,15862,684287
2271177,289487,661178,7443,107721
0,1412323,2807782,17253,321521
1558433,236848,648606,8173,63694
0,9534,26999,2864,1385
292219,254299,979612,15467,151047
0,0,52986,2281,5410
6291105,4087319,2683077,17251,272070
1129694,128681,559438,9113,39556
265366,60509,404019,15242,36834
341652,38519,136106,9235,19538
0,0,133702,13167,7417
2229759,1247018,928777,9448,96647
887699,234208,527600,9769,41129
0,827702,1111719,11512,142120
0,920026,3897360,12624,0
0,0,263948,11058,34534
98442,0,869102,25548,248321
2696737,0,1264173,8101,131833
1001617,139129,407832,10066,28967
1621386,350190,412609,7879,42245
9359581,7657298,3135341,12257,729319
1226856,0,324723,6204,36390
16881466,4542005,5202887,14953,646828
1034097,178023,371837,6500,21392
4158572,1178440,2245345,11096,253421
0,81130,33978,2895,2348
0,0,46180,5834,15443
2252128,125232,323857,5757,48774
0,15921,97812,4731,6345
23940364,11295364,7252646,15600,1044546
0,77112,610319,11061,71947
464691,0,872002,8029,0
0,174370,821787,14501,99102
2129645,709882,1479207,14699,170539
0,61155,252048,10828,25422
0,33060,121696,2877,0
0,23455,26685,5138,16867
3167081,1275897,2288865,15114,246678
0,52919,433723,11900,74029
2418261,820864,1971715,12565,197202
0,41227,31806,3171,1192
3521605,672199,764540,13219,67309
1229080,0,842826,14876,69668
2106018,436195,713799,9800,65246
230487,14787,476264,14571,68205
0,26489,76045,3757,12110
362578,111733,227775,9640,26378
1332457,78152,482389,11066,41953
11201036,17104781,14114263,16306,2550518
71030,32295,171884,10953,12626
750829,116594,210239,7655,13401
669618,172397,1001063,11819,227547
2956230,0,1271214,13643,163803
2883612,1410140,3825475,20126,525548
0,256096,101990,4928,5195
253035,96946,1913882,11698,287943
0,580501,1195285,9583,275614
0,20693,68916,5546,23793
0,148757,694308,17009,64786
0,583880,331801,6674,35467
0,32358,69022,5546,5776
0,193278,384238,10302,37380
0,898885,2176014,14302,293539
153075,64996,110320,5764,15539
4397712,746369,1156737,8303,131315
697349,0,424114,9232,37720
2792640,627050,1337907,10470,128842
3118411,611498,839555,9121,84590
3724283,628616,1163827,8474,132143
901929,0,640132,10144,60170
917639,381971,575816,9126,38575
1061208,0,361658,9928,32743
925848,0,609966,10306,55742
0,11736,226515,4921,28721
1038042,0,1054073,14614,84911
0,2303,112322,8417,561555
71860,0,266182,8885,62757
0,0,30744,7392,0
0,1232790,1699810,9214,0
639233,0,582116,13553,53898
14091675,11334335,12598141,15147,1726633
0,17714,62865,3222,5653
727927,83173,107746,8370,13538
129842,169263,795216,17836,131419
1474760,1094520,1388030,12251,132100
1503279,260569,759255,11390,62131
8357064,728827,1058605,13816,112816
0,101174,238645,6366,33597
127399,7082,149078,8103,10518
0,31015,30739,13406,0
339829,142557,147846,13681,12098
0,125074,20136,2928,2083
0,0,1185,1510,13494
0,135017,56982,8936,6913
0,80739,63487,21609,3889
0,130965,17871,9718,3347
0,889072,1401007,18153,170107
2480094,0,2885559,20953,341193
0,261486,83207,21680,3086
0,151702,78086,14514,4844
0,21313,11784,5866,0
0,6484,39273,11937,0
0,21041,32470,13423,0
0,46807,26808,7640,0
0,101726,80669,23423,3701
0,89008,49866,30185,972
565274,734260,1238204,18742,141124
0,27339,12383,5088,0
0,38029,11169,4707,0
0,0,46886,19577,1246
0,10451,28001,12090,0
0,137771,37173,9075,2588
0,62378,21532,11031,1138
0,0,37146,7124,1040
0,53277,48499,17811,2067
0,94945,36840,6650,3514
0,207974,52821,6332,7185
0,0,85749,10763,8162
0,238106,342132,13238,26063
0,110852,118895,18342,4752
0,138226,24384,7563,2030
0,0,9964,5844,0
486499,367854,89953,11867,5623
0,85856,85697,20927,3020
0,266343,234254,20873,21714
0,142458,53907,9383,4256
0,0,23759,10513,969
941607,0,205012,12424,84638
0,85776,107052,7847,36080
0,152934,27627,6773,2173
0,22861,4345,3317,600
0,0,13228,3195,0
0,0,0,0,0
270564,0,403392,18005,40874
0,159787,25883,14052,588
230404,0,309715,15146,30208
0,0,7221,3140,0
0,275657,72545,8988,7008
0,296198,98752,8972,9189
0,1379691,1118967,19949,106720
0,184613,63979,15168,2987
0,442648,403259,20610,36595
0,499735,360802,10976,43747
0,136290,57007,8534,2432
0,0,937,2519,0
0,0,0,0,0
0,0,0,0,0
0,92681,81645,14818,3551
0,89999,82175,7443,12355
0,0,13217,6300,0
0,26309,48132,15169,2949
0,659317,739878,16483,103135
0,70378,40579,5793,1961
0,118780,72333,8617,1975
0,99071,183630,7196,14206
0,69668,121798,14277,3527
0,135070,60445,16394,1985
0,0,78284,13802,9671
0,97852,0,0,21057
0,155623,60659,9604,1388
0,63564,107576,10802,3530
0,117391,174641,18835,6520
0,52764,118022,10906,8242
0,0,170315,8368,19223
0,10039,164591,18763,13657
0,424687,345341,13937,24652
0,0,102008,54087,4101
0,0,37054,5948,1897
1233777,0,665022,18547,53012
10012827,6079790,8109038,16306,1118911
0,0,14035,7074,476
0,113431,39676,6576,3508
0,51176,17262,5522,972
0,0,14785,5567,575
0,88588,50222,10789,0
602634,0,238113,10321,23364
0,0,12385,6720,0
0,9224,27142,15744,1325
0,0,2343,1195,1749
0,8344,0,0,0
0,23784,25361,10871,398
0,707911,1087733,19639,96898
463376,375475,101126,10863,5074
0,55070,25999,7708,2777
0,0,0,0,288
0,18708,0,0,1048
0,149328,143200,13980,10151
0,0,0,0,0
0,38383,48446,7498,2849
127852,138991,124811,16744,6353
0,0,34432,6828,3089
0,151673,29729,4523,2798
0,54687,203776,25472,22762
0,0,0,0,0
0,0,49041,13589,3056
0,61784,82386,9544,3311
0,2729850,3662691,13351,472514
0,245387,634917,17911,0
0,0,0,0,0
0,0,0,0,0
0,1880219,649732,19020,48522
0,0,0,0,0
0,208701,45568,6009,3850
0,48076,46228,9242,3242
0,35034,22402,6330,782
0,59941,59321,8542,6975
0,147022,53345,11844,2118
405399,238044,146815,9459,16980
0,0,14362,5347,924
0,128283,44652,15558,778
0,152000,94533,10350,9077
0,77571,41414,5717,1613
2353587,517777,494298,15542,39135
0,103321,35465,6843,1141
0,140941,175905,16520,16396
0,186872,70387,8481,4122
0,23359,0,0,323
951752,157004,102412,7410,11308
587723,3005930,2285801,15630,160273
0,147778,148986,7398,9218
177862,0,519759,14283,52919
0,127056,109761,6662,13537
0,64763,50250,9302,2876
0,11258,35456,12043,2145
0,0,0,0,0
0,0,33003,5201,1630
0,98568,54943,10654,1858
0,0,0,0,987
0,114984,54072,7443,0
0,48396,66843,15780,2656
724196,211443,642646,32377,12507
180043,51935,79455,8580,9314
0,58861,23738,6642,0
0,0,0,0,0
353197,239094,241319,16968,28903
687068,0,1348651,22099,151572
213380,0,889015,18569,214906
1095187,0,1649001,21293,110289
295901,0,602906,18656,85674
1314279,0,1961272,22919,272818
7707601,3873122,7647259,18989,732310
1539636,2812352,2605617,17536,223534
3912579,5844817,6414862,21603,660746
1185999,351111,1672899,13701,146812
640776,0,562392,13154,32307
0,1342162,4429395,16409,6093042
11973822,66117863,16474977,18602,1848306
6072287,15040891,7005059,15695,656980
4150100,0,5859348,11321,678828
0,276098,1584880,16390,516973
2591390,0,1952706,12566,155140
10422670,12622517,7750635,10077,1335840
15679384,8962489,4352549,15216,379388
2614244,14524927,6099871,10350,880714
0,629452,2186600,16865,175768
0,8420998,5089133,14004,695848
12207299,32631795,11131032,14274,1275068
3468419,11058874,11225081,17511,1153458
7631668,17440010,8756311,18032,1129752
0,0,7307436,12922,703022
5178299,7021052,6598022,13546,538657
1440380,0,669436,10146,82295
6401528,14634500,5755996,17946,656131
0,0,1722382,11359,172435
18574672,12948687,7312120,14069,748001
2212191,0,1550611,14137,117967
0,6134969,9396128,14942,1398044
0,0,7206,2084,2638
661458,0,836078,13392,92362
0,15859,217448,7992,117318
0,45130,158777,12049,56884
0,171522,591302,13109,68312
0,0,12426,6641,0
931885,448203,1925550,9715,238748
0,0,562792,10980,80485
0,0,261444,8747,35488
0,0,109941,24941,16673
0,0,1270,1789,276
0,0,113382,22609,9853
280360,376682,765930,13217,85079
0,0,245639,11791,60207
0,0,97901,5279,17726
0,0,236777,8835,36899
0,0,926423,13254,109149
0,0,14120,2799,0
0,0,527819,8338,92381
0,1702,143904,16018,17946
0,0,313533,7689,66753
0,0,166682,8752,17635
0,113082,1117438,9484,150799
668723,866414,1742017,14245,173198
0,0,277210,9725,33145
0,0,2426284,16923,540400
0,0,82782,6634,14920
0,0,126228,6955,24224
0,0,309212,9781,100133
0,13738,157502,9501,12894
0,0,27509,7399,6557
0,51565,571343,7995,55675
621630,0,991506,18025,127696
0,33256,265255,10725,33010
7180673,11493073,26676633,14509,24857836
751816,0,670386,14645,680439
0,0,791435,16842,474078
0,0,0,0,0
0,0,16289,10605,2239
0,71463,333593,18936,52022
0,0,54981,10812,5362
0,0,31053,6970,0
573568,0,371385,7100,35040
0,0,0,0,20183
0,0,396798,9004,88105
0,0,43044,6751,9241
0,0,6765,1580,4780
0,6317686,6667427,16409,2399394
0,0,88805,9748,22035
3351466,3642573,5404372,18121,738926
965927,51358,276686,5626,40159
0,8039810,5539827,4000,743221
2525374,1958804,2573019,13196,326420
738657,465695,1008952,12572,264848
1109917,0,884034,11060,76380
4461927,2621330,1364052,10178,181164
1280767,357907,1207246,13710,123134
595598,126341,518164,10134,32162
1599821,679389,1195037,14598,126639
619223,0,638351,10249,65122
603729,0,523122,10828,84612
1432929,440978,389577,8417,41246
3823002,982323,3599202,12334,424664
15873786,19416088,11217146,12302,1462823
0,17868,429194,11338,125639
0,0,476393,9437,42710
520610,0,577056,10478,46555
815469,811657,705717,12134,79495
591094,232247,622994,12670,90600
0,0,31894,6358,22572
546373,186804,503108,8058,54239
839928,0,1867704,15834,171973
4555642,13802231,15431858,6077,1544409
511634,33022,175759,6677,17998
463926,219826,586479,9291,70849
941392,109468,665908,9506,77560
16615398,6778275,8496065,11628,1061299
719513,0,621786,12792,41969
0,0,24312618,17969,2439350
8315093,108757422,38797518,23872,17182554
3433070,1059307,2075125,9689,662356
3251782,939366,2751013,11912,260498
7251514,17121533,6363051,14048,784291
2097308,536735,1894245,18243,206314
2353505,6859160,5729216,15228,454721
465198,88554,262619,6198,21341
2441281,210796,994135,8186,128074
177758,0,932374,14991,121733
0,504685,922315,9315,94449
5654377,15308450,14587146,6404,2223352
0,1387692,1384387,8915,171796
0,1320074,3850133,7974,401558
13670426,3228168,3866839,13019,435305
1783567,2239396,4506435,20838,333539
1702485,601638,1664349,11074,151820
0,36031,268923,8422,21552
0,0,179850,9504,25487
428053,0,426239,12435,32950
2141635,116095,1238804,11304,116630
1821198,0,1076914,11168,103422
19089722,38208940,23319943,15426,2376382
243754,299093,815240,10670,120652
535756,0,302210,5996,32746
742802,189640,1018298,10141,177718
0,946508,2241099,12346,321410
1130451,341996,1382215,21005,299993
832205,85073,485551,7759,25041
1888986,189350,816657,8922,52348
4122897,20059559,14205055,15007,1799292
456964,297204,337990,8078,31074
0,42683,178857,7290,24364
133934,21129,210327,7485,19039
10009041,0,1577528,15039,173208
1017388,206156,418627,7638,55604
2201426,0,1077599,10627,110649
0,0,563216,8959,80961
2550625,0,493766,10616,42917
500855,0,888815,12993,91234
74204,54970,262309,5987,29265
11362034,7336978,4876153,13616,531073
344597,104193,163596,5687,18879
1050160,146381,287593,7264,25933
2494342,0,1398675,9977,173143
1250585,1036030,2439577,12577,239467
1025387,0,450943,10489,62173
1572135,0,1064159,9782,87515
1222877,0,259193,7151,22685
1470863,0,338651,7671,39099
23131659,18894407,14478876,11193,2499199
1517055,0,447176,8567,43685
1048410,0,559458,14543,41264
2314533,998452,2331404,14508,344178
2329903,0,1034935,13377,254704
1061624,0,1360639,9634,169513
975549,0,610736,21602,38947
14289424,22138442,19403588,17288,2596341
3330407,238815,405926,9561,34650
0,0,356037,11534,33335
2964442,424626,916653,9332,94053
924130,1275540,2029318,12776,283253
1403152,0,468298,11596,67040
25048906,13030260,10629458,12419,1788350
3757206,0,1092812,14703,130599
560511,112704,193012,6075,29488
165163,42754,52855,3418,6577
2284343,317933,267979,9260,17831
642974,79847,370494,8679,36108
261521,0,218941,7553,40242
1366416,240920,360343,8719,36371
2375769,0,550255,9166,51687
2083902,50091,336097,10092,35451
0,0,721472,10525,66322
1913953,130828,541863,9189,53029
5220926,1867798,3460873,14759,390752
0,0,508772,8107,41188
3351769,1141426,1774673,11324,194174
0,399630,420671,9042,55721
8305281,1822689,3225508,10646,326569
20075519,4943587,5829999,12493,728585
994608,0,958649,22988,38403
2475096,1858765,3025664,12567,340679
3409213,338058,674758,10301,79053
2558826,1303378,2113387,12439,186094
0,11415,124229,5424,15334
927946,655684,394378,9664,39441
2807319,4168916,1080491,10704,127602
0,22787,62611,4401,4292
14049197,3766651,6844551,12719,882692
0,0,52335,3605,5786
0,0,167878,4847,13979
1134193,2222055,1125701,13214,124028
0,6192,103273,7218,7267
762744,71776,461192,11195,101439
388737,115546,97266,5069,7947
124516,85426,136103,3894,13814
0,0,416443,7673,40037
620770,30069,197025,7058,31451
2969628,1875503,1657377,10630,187682
1070310,147477,443064,10638,32240
1984952,172256,252285,7300,23206
3563738,1010587,1489514,11818,178875
2522193,226559,831195,10947,90194
3373132,0,597958,9845,76298
927058,0,700731,9170,84833
1408813,0,458832,8087,46502
6238437,0,432544,8884,55185
10387443,2630637,4963666,13068,517952
9275476,7063487,7384206,13558,885042
8840981,0,2318389,10872,245161
2206524,251141,1077428,11800,114445
0,1881681,479058,10039,51449
1072331,127049,242794,8403,25464
106494,0,43303,3241,2836
4111235,2006795,1862643,9129,329812
2563679,0,658444,10715,83684
2896455,0,1110221,9760,111046
3376848,229173,333850,8708,33732
4416437,1505134,1522477,12175,191076
791166,210636,190247,8460,21803
414425,0,108389,4941,6082
0,23261,33329,5983,1215
0,33137,136897,9472,13934
0,9488,21953,4123,1224
0,146699,523567,25187,39226
0,135256,74597,5917,8940
238180,0,318757,8075,40395
0,70113,234420,8231,13104
1192870,0,1110668,10685,102239
0,590438,686909,14526,68116
0,0,332498,7378,42076
0,15204,118936,7928,10906
0,24892,33241,12520,3360
1223024,671536,2522273,10692,391825
0,0,38082,6735,2195
1232438,0,1206757,10539,154462
0,0,33465,5256,0
139040,87019,191694,12665,14768
1204448,384519,518275,7529,43437
533929,270921,407481,15754,41485
102172,47081,292628,7223,27083
0,20423,43383,9932,1162
0,0,41218,10745,0
1097738,0,737081,12834,74443
0,95832,331592,12248,20314
419712,198898,440093,8727,38363
0,29599,54664,12196,608
0,4033,28053,4834,1675
0,0,17679,6240,0
0,0,20983,6355,0
0,0,131028,10827,5971
0,7935,87460,6407,9340
357021,0,350157,13604,40970
0,0,34815,5590,0
0,0,74913,7163,3119
0,305106,576407,12543,61454
0,429239,185164,12968,0
0,56769,55381,5955,6392
0,90300,40497,3878,5113
147458,0,376331,7583,25819
198229,85491,161886,5025,19605
0,0,275565,7382,27916
0,8916,56379,6221,5264
0,39534,78779,10966,3597
207746,0,126842,8529,12222
944026,301364,414596,10425,36033
0,0,412967,12949,30766
1361661,95730,261075,7800,21650
0,9642,266418,13552,15494
0,42243,193639,15312,13962
1167511,580658,904003,12789,88050
0,27993,86777,7915,7080
0,16263,24900,2325,3954
0,2778,64583,5774,2273
7039445,27232349,10759969,15382,1500945
363172,42087,329490,8391,29542
0,0,172087,3801,18150
379098,0,287559,8921,28022
0,0,82529,5005,10412
1065263,0,818401,10449,117802
223810,229958,606867,13661,64461
501296,0,408979,11232,47134
1024308,0,682296,9864,98896
0,10725,74766,6432,4732
0,0,42803,13078,1900
2856002,921922,663785,7979,62433
124712,85075,192627,8018,17655
272324,0,362440,8845,34857
1084940,0,495092,11474,38788
0,0,182625,9063,24433
0,56815,35829,4419,2747
16400140,10026188,9580670,16366,1226453
561449,107645,276389,4112,30694
353507,0,626397,12552,72525
0,38668,76437,6572,3256
0,69018,99783,11779,10403
0,140638,337409,17219,34204
137989,19141,155456,9710,25659
590473,387072,685172,8398,134027
5668235,5292449,5095774,13567,607444
683627,75515,604480,16299,160570
826200,96784,357383,7306,44223
279107,260759,716036,11339,83538
209877,100505,139916,6147,22704
190654,0,227007,10555,56246
897387,1222598,2809059,18311,416425
1506405,0,1169216,11276,228371
0,31643,13474,8141,1505
0,0,72523,10560,6583
0,3000,87576,12936,11056
245734,224366,293665,13872,55651
2037469,1047067,3422363,17255,372936
242914,192437,165302,8056,45756
471279,0,1024331,12694,108909
539664,0,788445,11845,103007
0,40273,52050,7219,7159
6219861,2889191,4452231,12912,607721
582682,48423,559591,12180,205434
2737558,956880,1158963,10248,125446
0,0,484644,15637,45264
2845369,3461700,4016561,12950,0
0,49400,17401,1537,7057
10527633,22043828,9868453,14157,2048635
416672,70305,375062,5007,0
0,12037,56043,33162,5895
633806,31040,224903,8988,53673
0,284500,763606,10482,159389
337099,0,333760,13318,32852
0,0,82730,12127,7350
0,0,381866,16089,47598
24048993,11021762,8754390,16886,849401
0,0,10357,7419,554
1885753,396840,951130,9890,98905
2498302,0,832377,8222,160108
15725247,18141618,20075411,16456,2540334
370895,0,532139,7734,39542
4708830,1180098,1555258,8989,156309
728654,295488,581577,11712,70289
8461848,4417612,4953210,12307,445993
1931222,1511209,2038719,16182,178855
1772445,0,727813,11864,48780
9316305,9859583,13089805,21067,970247
5361964,2580221,2527258,13849,269549
1439815,582513,1626462,11212,155969
213836,0,29606,5534,2764
514283,35793,483916,7661,104719
1216463,572296,1604290,11134,240050
6753001,8571403,11338422,23255,783220
586557,287384,421097,10563,51159
0,0,1150136,13875,88010
1214979,0,520692,14025,43233
0,109948,826209,12752,90614
1632637,146718,877346,9859,90060
3472636,3657759,3684912,16179,402745
0,6456618,3869515,15064,676791
19060350,4219965,6358447,11456,779477
1616512,69874,291195,8922,24081
6890810,1157206,3428421,12253,428110
1161382,528140,1535518,10661,246895
0,0,19250,2779,8362
3244364,0,1749971,12323,164527
0,215272,101400,6789,9922
0,191146,432778,10998,36814
0,0,363191,7977,40380
0,492295,1278987,14627,92360
953515,235389,477351,10594,32316
392018,69810,197576,8560,14597
0,3127587,3178821,15185,360487
13269853,6333643,6542276,13101,763937
1745196,0,949636,10447,73373
2393561,2802572,1488641,11612,125336
7031570,0,5081208,15047,546275
5708309,2174732,5223747,16746,442900
3358208,701940,1458361,12482,147871
1394433,0,422296,9679,40949
3463612,0,1441622,12308,166752
950357,0,526069,11435,36095
2656512,0,2014874,12236,394427
20398758,12012437,15151273,19534,1477987
0,177295,156857,8835,27509
3923120,9815918,3405008,11550,384787
1420453,587508,797025,8744,54514
0,85090,393394,8712,21735
18069415,11566105,11167787,7299,3051401
0,0,401092,6847,75810
205919,18979,138427,8080,10576
3043381,1070243,1317896,8952,135797
0,191154,566335,14756,53993
955546,0,764746,9838,81350
0,0,44996,7205,6790
115690,215803,403593,9827,32095
463131,201818,413451,10162,39984
0,0,372075,8536,80214
1113025,0,594243,10846,44284
0,0,485347,11837,34962
3672862,2454714,2283225,11097,233718
115047,111976,692267,13355,187793
7076972,5390535,4154689,11441,454326
0,95247,288579,10329,22304
11957398,3822893,4942667,11724,527937
496520,227408,295711,5917,68287
3039063,1381329,3242897,19228,398643
346092,263963,1096241,13483,343003
6422854,5856937,5924945,9430,1065946
1756988,1453151,1726691,13619,272795
657498,0,71936,2841,10963
3959342,0,1599845,10450,172893
385377,0,32596,3129,2949
4886331,0,2004732,11128,235779
0,0,102813,6679,9368
681251,0,169135,7361,14706
223434,298190,2255071,15240,530485
5527306,1766505,1552266,9497,161164
0,144519,66836,4523,4052
5338128,3267396,6320992,18348,1382702
2484926,0,718119,13261,68158
1407542,0,210872,6460,25201
1361004,150305,298054,6947,30532
291386,54836,296362,9062,29787
245234,0,419700,10721,55994
2433365,226137,527471,7902,53900
432577,300100,381709,12419,31568
2361389,170198,879527,7092,104021
343876,0,120262,4732,7863
263153,0,216197,9280,8892
2885358,1358686,2237935,16919,250032
1046220,0,702159,11634,136648
10821412,11581894,6036638,13999,817772
2821076,271152,774268,11313,86061
280315,91986,150702,7146,17608
894847,907553,4967238,19797,1483780
76412,145118,400765,18044,32368
1419129,0,577695,9883,52193
1247597,0,587872,7998,56293
1562273,66953,370058,5315,53708
0,49595,154589,7684,10724
3465738,3588391,3666090,15027,434490
367664,104394,269937,7925,31211
989848,0,158984,5499,13417
0,0,34750,3449,1954
1277465,0,369861,9707,30350
1546420,0,743455,10518,62807
2597882,405655,1007038,11113,152207
1459950,253217,1153530,9935,142900
6109796,3150652,4367658,12127,733609
0,0,73369,3870,4310
11731761,5481960,3638406,13148,411477
1921957,0,1021525,9801,109382
488385,0,192164,6936,18534
1398099,102507,224573,6367,12820
3621151,2150074,2172656,10315,285831
0,19196,38083,13292,0
298554,0,245785,15595,20755
0,0,23956,7031,1821
0,43151,40723,5807,2284
2265746,0,338220,11458,53179
0,1471626,692230,19735,74059
0,46815,78462,15191,9870
0,0,0,0,0
0,29091,108937,11491,8544
0,0,3906,2810,0
0,73074,82107,9164,18219
0,64319,21034,6006,1599
0,0,140095,10410,19325
0,344014,560668,21311,75569
0,0,10591,2536,94
0,0,51478,6529,27837
0,406961,436178,22997,45636
0,97126,50954,9023,4297
0,0,36353,8651,2459
0,12458,23806,3976,0
0,0,22468,7384,0
0,196273,39685,10049,1855
0,3625,68727,9531,9964
0,72694,20325,8918,0
634219,122789,99804,13951,9143
0,27257,52969,13072,2836
0,54565,23945,13207,0
0,80702,49099,8750,2329
0,76507,30290,9283,2747
0,0,5967,1665,403
0,0,8696,7458,868
0,250062,262349,15487,35077
0,321451,74049,10158,3903
0,0,37513,26123,0
0,0,29109,10601,1879
0,0,20503,10466,0
0,0,23030,22144,3740
0,103288,34146,6414,3711
342933,225004,134741,11723,14312
0,0,435072,18679,221659
0,337755,444437,11773,27621
0,0,69000,17779,15937
0,38058,48196,11359,4428
0,41391,43532,7604,3412
0,0,15698,6307,0
0,39213,194275,8067,33442
0,0,9280,4529,0
0,0,10679,4389,0
3518804,3023482,3823826,21711,389913
0,16512,38279,5878,0
0,0,39229,2883,18096
678329,1007223,1967791,20388,286549
0,0,28156,9613,0
0,51976,26799,12226,4215
0,211062,81013,8149,7226
0,51042,6731,2744,1090
0,248255,41083,6197,4626
0,0,30697,10975,5356
0,0,31341,22180,2027
0,0,39515,3911,1719
0,70436,88362,15407,8116
0,166565,52391,6266,2239
0,0,304153,21752,19714
0,107036,74782,14187,19839
635224,0,293043,13498,34531
0,0,0,0,0
1911158,208283,907783,12381,126580
1047294,0,340609,7649,35265
82258,35221,136843,8472,13340
0,3384,30486,2335,3483
5312323,898029,1551134,12945,208506
0,0,1164641,12196,130465
333944,134440,361821,8920,35438
0,0,53596,3991,7102
767010,71811,188945,6564,15356
296682,34983,461274,7826,41911
754873,33767,238792,6100,23255
0,24445,117681,7319,11578
436150,25974,155854,5011,21624
0,0,37286,4706,4049
601262,0,326897,9236,44255
0,196636,790849,15285,79255
0,112094,65024,4515,6995
468885,0,596983,11208,61652
7347204,11942568,10581843,17029,2202982
0,0,98877,8594,6048
743834,8484,119410,6424,12131
876604,327900,605859,12779,60508
1646993,252485,514056,13643,42802
889776,74398,126612,3402,12553
0,0,140548,8075,8176
3187056,0,343584,8341,28049
977402,0,438966,9063,30831
1004159,112932,313287,10799,24871
171296,8638,79483,3515,6097
1813963,0,681959,10355,61990
0,0,67509,4717,9837
3214013,591685,1055016,17030,91273
8040623,2958545,4865677,14695,663283
0,0,24369,3649,1382
423749,42125,158797,5711,15636
691797,79735,313661,11995,28737
1148701,0,286874,5031,31738
631465,74223,180636,9425,13900
566730,31846,279627,10450,20893
0,0,404167,12824,29442
0,0,76884,3233,7097
0,0,33434,4152,2725
1052931,57235,181921,9964,17794
0,7188,27779,2560,2577
862933,35299,554331,10994,48272
118206,0,93196,5156,6610
4470899,7402469,8209407,19329,919247
0,0,19529,2635,5859
372934,829714,151836,5708,9726
0,0,380971,9318,37439
0,0,132793,11519,7996
0,147507,366545,11198,26170
1502305,360584,435619,9607,50805
0,30350,167327,7713,11896
0,1160418,1696459,17559,204863
0,0,286563,10227,32734
1490088,0,269685,9179,21090
0,245115,898300,11170,97274
2381015,0,561286,10770,57476
420885,45711,194653,7664,13145
253005,0,29829,2549,2046
1386238,173428,453016,10109,40997
0,345533,1877647,12125,245217
0,0,16325,2701,1442
0,0,58482,2986,3500
0,0,403505,12779,0
0,46653,110652,5283,13319
169955,0,24286,3163,0
0,0,23632,4933,3141
0,0,67693,4305,8780
1384046,465728,1193021,17059,138047
894654,17906,250814,8206,26918
369666,0,436400,8186,46029
1667466,779419,627764,9862,60729
11304846,6226284,2804294,11588,386963
401688,28362,159566,7270,14628
0,0,105293,7820,9377
341511,0,1641080,19548,611929
17969681,29636012,11932863,12971,1787964
0,52470,117776,6246,12379
0,0,63737,4889,6112
5463624,1055317,2026276,13200,255074
1741400,1634893,1300149,8521,155496
774196,241853,404163,7002,29779
0,0,41695,5409,4556
348551,0,119502,6751,13024
125615,6581,60543,3198,5737
0,0,9185,1692,0
852303,0,373696,9363,28791
1577657,1090845,1869147,16014,247065
109872,38046,66626,4020,8470
0,0,265377,7986,0
552177,28869,195438,7828,16760
1106825,2755997,3306994,19834,383468
0,967872,1164992,10935,147321
0,365343,495496,8731,48576
0,0,98318,7480,14944
1291427,0,1174060,14216,112556
0,13511,241543,9929,48803
0,43433,39354,4425,1406
0,0,2361,1147,647
0,69408,362861,8324,32151
0,0,234178,8785,24961
0,69906,41726,6642,7036
0,1386,76525,3766,23207
238609,51614,684655,9485,115125
0,33840,27120,7026,3162
0,0,247136,7619,25513
1924972,4202739,3349957,12035,401438
12305089,12232098,22815281,14359,3829048
0,0,50592,5627,9427
0,0,0,0,0
0,28383,106512,5989,5331
1729195,0,1535383,16768,166546
31048091,841938,2958757,10094,313474
979406,779612,2119149,12425,340272
0,20346,86813,9461,25405
0,5352,6660,4458,338
0,0,81552,10914,14217
1249439,170974,512498,13406,49890
0,0,183826,11101,12843
0,81879,639540,14609,74443
89770,26440,298264,8143,28157
0,0,322244,15877,21053
0,20475,118945,8937,7639
0,1516606,3911719,10221,503079
0,33518,96866,7738,7480
0,0,49747,7952,1831
644710,155015,216849,7388,17538
0,154599,40007,5579,2366
0,137217,274916,9540,31404
552521,0,363156,7547,36459
0,31365,75474,10014,11657
0,5438,77638,6984,2572
0,11964,26876,8706,299
0,0,24506,7233,0
0,16164,47942,5646,5096
7433796,9374853,12350753,16850,1380442
0,0,17184,5788,1390
307342,136810,226783,11050,21717
1093683,960633,1539740,14632,184420
0,83103,117792,8744,0
0,0,17668,4930,4346
579742,99848,499700,13006,52556
0,34335,442577,6096,45375
0,0,12673,8219,0
0,23211,47808,12379,1023
0,0,58893,15572,8295
0,119411,23791,3807,0
0,0,106249,42653,10313
0,311073,85370,13911,12548
39047030,58165146,33177208,13929,5705137
0,91324,148370,10747,12466
470796,0,224228,12227,17267
0,0,26426,4920,0
4008259,12358953,7668326,12465,797850
110375,30453,159887,8108,14886
0,0,11311,4577,914
0,0,74775,7658,8259
0,0,29218,7637,3717
0,17461,49609,4084,3745
135464,180763,259667,14170,17694
2049699,2004269,2090614,16222,228555
0,0,11690,6063,0
4080603,279168,1323106,9265,126593
14423498,5002538,8460929,11625,1031298
849331,0,445038,12543,55362
0,53128,71633,4249,0
135858,0,297301,9044,18458
277817,158741,262010,11611,31977
0,0,12001,3040,0
0,65577,40010,6026,1805
0,0,7042,5037,0
4986616,6615255,5306163,10440,583427
0,4826,87874,7968,6490
0,41614,254298,13512,22549
0,31535,107560,6679,7439
0,169294,82554,5575,9535
23480817,1761558,2750294,9700,590991
0,9988,34963,7370,6171
88259,100425,311100,13247,52219
0,0,0,0,0
0,0,37331,5332,3895
444676,90249,179237,9252,17385
683688,0,0,0,0
2542832,651716,1594749,13493,167728
4233987,1401503,2405150,20568,246699
892610,142455,157336,6110,12524
2154106,822106,1026147,9115,116490
0,0,325074,9120,40263
0,0,23247,6817,1845
0,44784,78583,9734,6045
0,89259,60072,11548,3102
0,18629,22226,5387,3359
0,35903,612350,11835,37231
169275136,205478751,51899053,13276,7874724
1564301,303576,603936,9541,64027
0,41885,34066,6549,1034
0,0,59213,11504,4662
1081843,451199,1954688,13765,235341
0,63474,39206,11855,4078
201948,0,657384,8341,63108
1503200,4301122,7898809,11254,757984
153569,41616,400271,11364,44297
0,0,201686,9075,19778
0,95542,730014,14785,61900
923111,0,447708,13159,29169
265384,39066,159279,7027,18698
2449585,88463,341223,10608,42548
0,0,12480,3898,1994
3134435,263413,931267,11302,0
0,0,210806,9707,21100
0,0,0,0,0
0,112265,34121,3926,6468
0,66985,133487,9533,9870
725620,123310,371047,10809,32582
0,0,7132,3227,7053
0,2852515,3973125,16453,387509
0,0,61626,12577,3600
0,193387,462397,11263,46050
1441386,536239,1269633,8490,126352
0,378967,163334,8527,4601
0,40670,101827,6766,8635
1172591,443125,943809,9770,93663
180918,285308,808099,25877,55776
0,0,0,0,0
0,0,0,0,0
161752,0,719852,15159,97589
0,125,78662,17777,8162
0,0,0,0,0
0,0,8052,2430,1089
0,0,657070,21446,43247
0,41626,34309,9896,1406
2411601,0,637577,13019,61073
0,84216,95775,6933,6963
0,11547,207126,10008,16104
0,0,79867,13480,5336
238235,221171,172013,9224,9065
128453,58172,162558,10056,13214
0,92320,159859,9761,13118
0,151545,653043,8729,48868
210827,27428,268348,11976,18247
0,47171,24490,8169,0
0,25250,112717,9981,11666
0,94883,113011,6183,61053
0,0,0,0,0
0,3707401,3924861,14929,0
0,0,19743,3415,795
0,31907,178851,13503,13114
0,5546,66344,6230,5753
0,24422,45368,10274,0
0,41336,28978,7426,3659
0,0,313945,8547,38800
0,0,504755,9897,48530
0,31149,104265,13357,8752
5888916,4606220,2942576,12892,375262
0,0,0,0,0
75313,189912,360081,8231,29785
0,6667,16323,7758,0
533829,2411656,2276743,18058,259193
0,87312,181361,7334,17678
0,0,70373,14123,2080
0,3384,55754,6003,3667
0,38556,213681,10894,10935
3667010,6399326,5260066,12748,728582
0,0,217873,10995,22995
1140439,138930,70300,5402,8814
0,0,5220,4085,310
1418896,0,691236,11048,87801
758537,285724,471758,9664,42653
0,9995,50925,3704,1860
224883,0,179695,12325,16810
0,2978505,4314450,13529,661990
0,139177,97444,10288,9184
0,0,16797,8118,2919
0,114354,851995,10328,85256
307163,0,272673,9972,44899
264006,80032,221953,9638,18337
550365,524204,1517829,13971,110365
0,224947,39479,4199,1827
0,117045,153994,9730,24316
98527,51110,445440,9587,33372
0,2064050,2489973,20620,326019
0,3170,42509,5616,5009
0,0,93947,8372,6194
0,0,1465538,12995,131874
0,4392,23721,7936,2216
0,0,9440,3128,3662
101783,15100,61221,4687,0
0,0,113223,10197,12449
0,17991,61964,8465,0
0,0,0,0,0
0,0,115236,7285,15197
301261,0,946288,12797,105900
206973,24642,128394,12439,5612
0,99785,354320,7313,29742
0,0,51907,5116,3346
0,6382,70092,8070,1381
0,0,54707,2207,3968
0,135182,621585,9101,77569
0,18078,60473,10246,4105
0,13063,10353,3770,333
0,0,199581,12443,20636
0,4120,14844,4764,1905
552023,97607,246528,9345,14912
0,0,10079,3486,0
5423538,922104,3110146,15706,337268
0,14819,55179,7164,23122
0,0,445281,7306,26162
0,21378,78824,8334,6240
0,0,0,0,0
0,0,8605,6254,0
0,29253,41916,9762,9712
0,42385,35247,4619,4002
43337529,25801512,24931407,14582,3763516
0,1079748,2063290,16305,246182
0,0,3875,4226,0
0,87341,133700,11012,9946
0,3416,6813,4195,0
1291453,0,425109,14594,40665
0,0,0,0,0
28294664,14119812,13879471,14302,2833744
0,34025,57024,4067,11928
0,70499,114973,5665,9783
0,58405,216729,5777,20243
0,21753,16720,5618,0
203651,120737,322212,12137,39907
0,39272,524418,11036,58971
119886,50115,410538,7915,32941
0,651068,1434272,16648,130821
0,0,626334,9835,73827
0,451592,593065,16554,24703
0,52031,94619,9327,8862
762771,0,509916,15900,41272
242392,1472069,2913533,12621,317331
463995,541129,466705,11439,45912
0,25835,46067,9676,9333
1492453,548021,1715924,13382,254849
0,0,170215,12382,16052
0,0,122890,6040,13211
1647635,1525162,9918009,26573,583644
0,48987,180452,4609,20847
0,29121,40330,6169,4671
376535,418384,565279,9819,59273
708014,137003,383490,9072,30363
0,51155,36959,4976,6025
301414,86167,185157,10447,17730
0,0,62126,4586,9403
0,0,33290,2860,4638
0,0,89663,14776,12753
3150909,0,447418,9348,36827
0,361610,1095090,10079,95153
0,0,298872,15197,26154
0,0,0,0,6358
4985245,0,3217656,11177,274255
0,54748,215996,13340,13557
0,983,128628,12435,10750
0,0,22916,5094,49289
0,19672,159918,16973,68229
735967,0,652165,15067,59642
0,19287,112160,11743,7158
0,3848,72071,11098,20941
0,23248,125054,10521,11647
0,0,42681,5058,5686
0,0,0,0,0
0,0,11499,5601,3732
18860476,16956359,16758729,16718,1874594
0,0,44601,3102,0
0,31160,196917,8016,8332
0,111990,324631,16494,24734
0,165809,659852,18614,228891
0,73602,503618,9204,35159
0,0,461448,15958,46512
0,2424955,5772180,11254,451687
0,0,228355,11197,38846
609632,510839,2087828,15781,254511
0,0,27847,11197,7736
0,2218165,2810553,12715,261152
526157,59400,298001,7749,48144
307141,530569,1689315,18213,120194
284508,525705,2353754,16785,471725
0,2179,123147,7491,11029
0,55377,67957,5368,3834
554193,161888,311758,9702,23765
0,16795,107167,7551,7267
0,453168,2482916,12176,1164025
1582642,306340,636318,8890,57138
0,1524,20958,4498,0
785359,368955,466545,7029,27892
192148,0,38351,5622,0
883879,0,247811,7661,0
659762,318843,343502,19709,76579
96536,42022,74581,4203,8785
0,189777,143922,6118,12056
0,21509,68700,4306,0
202807,0,30610,4900,0
1527558,249388,511759,9742,32679
0,21218,365938,13410,14720
236759,33550,203034,6962,23259
0,0,10896,1528,0
91908,10056,62090,5074,2729
677065,203434,699395,16950,303579
1437051,2123285,3977784,18152,369770
3849982,1561157,4615854,15419,491530
228253,0,91615,6381,8980
0,28363,761064,42981,76059
0,13015,104599,16849,0
0,0,15771,3085,0
0,0,547366,11972,45329
0,0,46146,4830,1230
1275937,204059,892207,19845,110262
0,8348,122849,7662,5152
645731,267009,114937,4472,13789
311546,0,131626,23509,24206
56903,8496,224598,20827,19386
2052677,13299493,14002361,13925,2705714
0,192265,1884013,80800,140285
0,0,288000,26089,56298
159608,0,853058,12845,104395
0,25863,72431,4929,6569
0,10400,79398,3144,11945
0,473610,444514,8657,40310
0,25481,186278,21041,22572
2578741,632209,1120732,15427,86657
0,0,1052131,47014,171568
204060,36907,227492,33474,22522
0,18932,172401,10026,12455
0,0,500063,13071,40084
0,97362,183950,8914,15818
93431,0,47520,2946,0
0,24584,96030,5330,9978
248688,0,101892,8558,14112
620067,133676,324090,9148,31245
522377,288918,1805727,12334,233596
926273,3405922,1706383,17245,137013
746325,378468,1465322,33306,168643
3264995,6197343,6737176,23251,685845
1097915,527661,436996,7860,38392
0,0,8851,3700,0
1495977,58132,173896,7534,47791
0,148217,212738,6063,32977
1567206,140068,658826,10752,164358
0,21979,16167,2357,0
0,8168,154993,6873,14697
0,30686,125958,8060,7519
0,49291,166615,14500,15990
0,27470,171558,6868,8570
0,1918,86765,12564,31279
1400175,1491999,4469513,16109,610172
435940,102933,153825,4840,13861
0,45743,54682,4227,0
2801602,541451,1665130,23171,189961
0,8746,112941,8245,10056
1408656,0,921227,26459,75620
0,0,158012,13701,5324
201385,0,316916,21799,28727
0,0,59350,6566,0
281033,74695,406322,12684,43485
0,31494,94451,8879,8743
838137,97297,1102647,12350,148286
0,6692,75628,4967,6178
0,0,135156,7837,9651
4702700,901976,2431256,12593,329053
1280817,3280443,2724146,11540,505017
0,59271,135111,10072,23555
0,29724,90247,7006,5238
0,94162,283790,76514,17292
0,80212,137346,8713,11072
222241,212155,280339,8659,25953
204124,9645,167412,6925,35414
248454,19044,148590,7904,6647
595891,356054,324219,9823,36635
752137,247619,269316,4421,15256
0,0,54707,4628,9175
652915,173615,682095,6728,106189
0,46609,159301,5794,17607
0,43104,350587,16279,39964
783838,502609,197759,5510,23081
563598,1750552,4948909,13724,537865
2797095,39225,317286,9062,40707
0,30297,109698,6789,36217
0,0,21909,3042,19953
0,0,75648,8259,0
10192124,2843348,1922799,9583,476810
896071,504679,835653,9281,112694
1582354,2233606,2039763,21922,267171
325974,32676,338393,15786,49186
5437495,539906,455492,6171,62105
192925,36465,255615,8806,15571
984033,621187,537832,21445,67944
451508,0,197209,8634,11577
1058065,347179,494209,12176,50053
777241,52716,300319,9388,24143
831405,70454,57936,3144,0
496376,430377,2148513,18064,169842
140813,1249915,930261,7701,140309
101382,68287,447486,18861,65549
1307801,715834,820304,10108,72760
0,0,12558,1780,0
0,0,68872,5698,15741
354503,0,811756,18473,52190
1806461,2835067,5579915,12853,1074236
0,18653,369617,10182,41270
1359544,279623,701610,13292,59216
759893,113199,386631,17871,48864
199608,38886,100420,5794,14209
0,0,323040,26058,239559
0,0,998681,38614,104640
0,496136,438617,10513,40082
567442,105493,908076,31847,63199
0,149733,852204,13854,187400
538957,101400,464847,12657,48164
571644,0,833024,22861,106659
339060,66247,412719,13565,29922
4823542,2392465,2740931,18188,360756
62793,0,15031,2325,3090
0,413283,545346,11383,39606
0,9066,39465,5229,6528
0,0,313467,12412,174189
161917,0,237240,8181,26208
0,73373,324145,11858,36307
640754,267644,1084887,17136,124431
1011871,0,946580,16125,118956
375077,867141,660735,15120,138405
406465,327739,691702,12147,154409
442178,574216,144809,8547,14844
0,0,208856,9867,22983
0,755416,2122018,13309,238019
0,788345,1022020,14460,171201
470437,0,838273,11929,105726
0,4238139,4169989,10008,493316
0,30809,28894,7308,2686
2914723,1415763,1219672,12129,124010
0,127359,413596,11387,30403
0,0,35028,4758,2077
0,1028012,788496,11342,67659
0,70512,11673,5582,523
992952,599622,777527,9355,95775
1056931,0,768583,10773,110958
0,0,519916,6430,77613
209489,51061,210897,7204,48744
37390762,41042685,37153888,20002,5478918
0,553059,2936238,12333,392801
81076,0,472728,12316,84390
0,25794,65712,3268,16096
1109135,0,910552,12355,96165
0,133156,91599,8923,4020
0,0,420213,7395,115435
0,224445,417198,10538,48962
138729,0,114478,5335,37164
0,1728,66624,5208,9155
4958643,6090535,9741617,12585,1172468
0,0,155257,10161,63338
8918220,698025,2134762,18362,251025
0,2412,25995,2418,28489
22552297,6708367,9057126,13402,1049765
3895374,5354273,6741223,14777,780200
383589,47196,281605,6712,27654
870094,1003369,3102980,12999,346683
0,0,11743,2947,1849
2155540,257492,534054,9286,75763
11809690,1373621,2556022,13254,407945
0,388870,271057,6598,48955
2686079,0,2425601,10442,245645
0,12643,130364,6381,41954
222407,30184,193578,11918,29469
1207388,126597,670752,14719,50402
0,29592,107608,7164,34175
9321930,3388331,3538353,14551,464616
0,24195,74038,5387,0
226977,5485,118697,7336,0
1355169,149014,390127,8810,40052
1574990,206014,1059612,17673,56276
1475171,107230,263868,7896,0
1744110,203380,631312,11465,164208
820849,100977,218311,12921,22551
6968111,6042966,7132444,14976,916701
3094378,557815,735702,8386,66077
432764,40458,406336,14625,130076
1311647,0,504464,11523,76565
1613471,0,381822,8972,42565
1533978,909813,1512451,15524,170257
0,0,21411,4523,4636
2903240,993646,1277658,12857,131511
0,10350,56601,5805,0
0,210601,480071,9798,40869
925791,0,766565,21438,33457
321524,30600,252931,13566,22380
395500,150555,1707860,72484,25940
0,16339,74581,11906,0
229126,31193,250989,12662,23212
3674302,0,857229,10715,86389
374863,51885,284464,10720,28270
3093705,1547827,1800637,11055,214034
408066,15050,152889,7494,14372
0,0,1799668,16142,214449
209683,88751,96802,6127,0
372274,438752,309222,15230,25281
0,0,289495,9770,27186
3018830,0,815529,10090,82443
0,1146367,2139106,16456,173708
1784187,0,526911,12458,54376
254802,12198,79688,5363,0
0,0,5207,1142,0
19065361,10955307,10207295,10720,1570614
1055783,306139,502249,11657,71449
400507,28414,257543,6897,28196
494243,186651,921151,25450,84113
6802635,3528050,2902996,16710,296108
3161881,707455,976543,11432,124890
0,134675,90048,12207,0
529045,0,208532,5243,32888
958520,134275,423199,9580,41813
1449500,0,937882,13685,97014
529386,30969,121071,8362,0
7863331,0,2230013,11172,242667
613108,73556,223315,12285,0
12381604,2700128,2439767,15301,211671
301246,12463,198374,13756,0
1638290,0,1050852,18017,462144
180912,50232,224148,13223,74686
582024,256446,413963,10068,42735
6126057,503477,1398661,12257,193012
1347251,1986968,933401,11509,110863
630669,26025,189138,9793,0
1438897,114661,251829,9088,0
178393,153777,250463,8639,0
0,29444,312228,14218,161614
2247440,1124627,1091166,10886,267234
0,27904,178121,10746,25328
3393434,2800492,1759993,13729,152903
15663482,6882092,5955006,15712,616641
2133603,86158,516629,9929,55597
111250,49841,203004,8226,25080
9198861,1109192,1796479,11126,212069
2562632,893219,1002909,13585,84291
0,0,74996,4848,9889
0,573539,886400,8885,156378
0,0,190618,7589,13226
0,57417,219637,15088,16765
2645118,0,158111,6673,31311
0,778893,1496115,15844,205158
0,0,34099,4714,1305
0,0,41338,4101,1344
0,0,19329,2666,0
0,0,345744,7467,35668
0,0,34262,4968,5244
0,0,118345,9974,6052
148335,59111,490169,14127,139522
0,0,112165,4958,17351
0,117967,238492,7934,33983
0,7186,132083,9736,10841
0,322782,1148532,16878,117645
1296649,77382,325186,11504,31817
0,0,455710,8932,71937
0,1726956,2947318,15429,414905
0,54766,212862,12426,27332
0,0,73416,3309,2777
124916,155660,494714,13941,39628
546362,0,614884,10838,67227
0,0,272442,8199,26294
0,0,135351,5320,12058
0,19961,129379,5664,6926
252489,0,765556,12455,88355
0,0,223649,8314,21407
0,50456,108241,4057,9961
0,370348,1289674,14727,192832
0,3651,31612,2327,2844
0,5694,94838,5744,11529
192587,136668,345876,13299,30507
0,3117043,649939,14665,98255
0,4227,39387,5227,3114
0,0,40436,5404,6573
0,0,60206,7012,60373
0,0,221141,7285,12240
0,541706,589769,10725,61640
0,0,1260806,16039,144263
321467,366900,319240,11252,30726
0,23299,60394,5843,3646
0,40674,142023,9392,7311
0,0,53727,4070,9138
0,0,91746,5662,0
0,0,53359,7812,12083
218637,0,45455,5060,1816
264775,179318,297123,12617,24548
0,77395,232794,5612,18397
0,0,40144,4246,1965
0,14397,206427,12539,21022
0,0,14354,2509,863
0,330697,1712248,19847,157906
0,5861,146968,6231,9872
0,113498,468773,14433,65787
0,0,71008,6242,5611
262454,917314,775117,19157,89245
0,51494,295340,19182,42949
0,0,134349,10436,20947
0,14112,56351,8842,6135
0,76180,558410,14944,66975
147899,52428,116123,9614,11779
0,0,38266,8502,10368
0,0,71779,8868,20749
2420198,628089,1720451,19866,173722
0,26778,221712,13705,21115
1230635,2889434,1377032,19174,167974
0,0,19649,8408,3071
62727,155545,388380,14271,132951
0,34092,93405,11163,12103
0,0,478180,17110,66787
0,0,82792,10563,19746
0,437493,898189,22843,150439
0,0,515644,25688,327363
0,159375,413983,20626,35497
0,12128,98308,12596,10175
0,11540,64312,9395,7520
